Workbook

Sheet Petunjuk
A1: ITAM - Workbook Testing
A2: Workbook khusus skenario testing/UAT semua modul. Mulai dari sheet Ringkasan untuk coverage, lalu gunakan sheet Alur_Per_Role untuk membaca alur user per role, dan buka Semua_Skenario atau sheet modul untuk eksekusi test case detail.
A4: Tujuan | B4: Menjadi master workbook skenario testing semua modul. | D4: Ringkasan Cepat
A5: Struktur Workbook | B5: 1) Ringkasan = coverage modul dan status. 2) Alur_Per_Role = siapa login, masuk ke modul mana, lalu ngapain. 3) Matriks_Role_Modul = akses role vs modul. 4) Semua_Skenario + sheet modul = eksekusi test detail. | D5: Total Skenario | E5: =COUNTIF(Semua_Skenario!$A:$A,"<>")-3 -> 243
A6: Cara Pakai Disarankan | B6: Pahami dahulu alur user di Alur_Per_Role, lalu tandai skenario detail di sheet modul. Ini membuat workbook lebih mudah dipahami untuk UAT, demo, dan diskusi fitur. | D6: High Priority | E6: =COUNTIF(Semua_Skenario!$H:$H,"High") -> 144
A7: Istilah | B7: Istilah modul, fitur, dan role disesuaikan dengan kode, UI, dan dokumen repo ITAM yang ada saat ini. | D7: Medium Priority | E7: =COUNTIF(Semua_Skenario!$H:$H,"Medium") -> 94
A8: Sumber Utama | B8: Repo GitHub ITAM + dokumen diagram per modul, panduan penggunaan lengkap, matriks akses role, dan alur end-to-end. | D8: Pass | E8: =COUNTIF(Semua_Skenario!$M:$M,"Pass") -> 0
A9: Status Eksekusi | B9: Gunakan Not Started, In Progress, Pass, Fail, atau Blocked. | D9: Fail | E9: =COUNTIF(Semua_Skenario!$M:$M,"Fail") -> 0
A10: Catatan | B10: Kolom Actual Result dan Catatan dipakai untuk hasil UAT nyata. Jangan ubah kolom referensi jika ingin jejak sumber tetap rapi. | D10: Blocked | E10: =COUNTIF(Semua_Skenario!$M:$M,"Blocked") -> 0

Sheet Referensi
A1: Not Started | B1: High | C1: Positive
A2: In Progress | B2: Medium | C2: Negative
A3: Pass | B3: Low | C3: Authorization
A4: Fail | C4: Integration
A5: Blocked
A6: N/A

Sheet Semua_Skenario
A1: Master Semua Skenario
A2: Gunakan sheet Alur_Per_Role untuk membaca flow user per role sebelum mengeksekusi test case detail di sheet ini.
A4: ID Skenario | B4: Kelompok Area | C4: Modul | D4: Fitur | E4: Tujuan Uji | F4: Jenis Uji | G4: Role Uji | H4: Prioritas | I4: Precondition | J4: Langkah Uji | K4: Hasil yang Diharapkan | L4: Data Uji | M4: Status Eksekusi | N4: Actual Result | O4: Catatan | P4: Sumber Acuan
A5: AUTH-001 | B5: Fondasi | C5: Auth and Dashboard | D5: Login | E5: Memastikan user dapat login dengan kredensial tenant yang valid. | F5: Positive | G5: Public | H5: High | I5: Tenant aktif; akun aktif; captcha dapat digunakan. | J5: 1. Buka halaman login. 2. Isi Tenant Code, Email Address, Password, dan captcha token. 3. Klik Sign In / Login. 4. Tunggu redirect ke home. | K5: - Session cookie terbentuk. - User diarahkan ke dashboard. - Data /auth/me berhasil dibaca dan shell aplikasi tampil. | L5: tenant code valid; email valid; password valid | M5: Not Started | N5: V | P5: https://raw.githubusercontent.com/MuhamadRamdhani/ITAM/main/docs/panduan-penggunaan-lengkap.md
A6: AUTH-002 | B6: Fondasi | C6: Auth and Dashboard | D6: Login | E6: Memastikan login ditolak saat password salah. | F6: Negative | G6: Public | H6: High | I6: Tenant aktif; akun ada. | J6: 1. Buka halaman login. 2. Isi Tenant Code dan Email valid, tetapi Password salah. 3. Selesaikan captcha. 4. Submit form login. | K6: - Login ditolak. - Pesan error tampil. - Tidak ada redirect ke dashboard dan sesi tidak dibuat. | L6: password invalid | M6: Not Started | N6: V | P6: https://raw.githubusercontent.com/MuhamadRamdhani/ITAM/main/docs/panduan-penggunaan-lengkap.md
A7: AUTH-003 | B7: Fondasi | C7: Auth and Dashboard | D7: Login | E7: Memastikan tenant dengan contract expired / suspended diblokir. | F7: Negative | G7: Public | H7: High | I7: Siapkan tenant expired atau suspended. | J7: 1. Buka halaman login. 2. Masukkan kredensial akun tenant expired atau suspended. 3. Selesaikan captcha dan submit. | K7: - Login ditolak. - Modal/penjelasan terkait contract atau suspension tampil. - User tetap berada di login page. | L7: tenant contract expired / tenant suspended | M7: Not Started | N7: V | P7: https://raw.githubusercontent.com/MuhamadRamdhani/ITAM/main/docs/panduan-penggunaan-lengkap.md
A8: AUTH-004 | B8: Fondasi | C8: Auth and Dashboard | D8: Refresh Session | E8: Memastikan access token yang expired dapat dipulihkan otomatis dengan refresh. | F8: Integration | G8: All authenticated users | H8: High | I8: User sudah login; refresh token masih valid. | J8: 1. Biarkan access token expired atau simulasi request protected saat token access sudah tidak valid. 2. Akses halaman protected. 3. Amati request refresh dan retry request asal. | K8: - Client memanggil /auth/refresh. - Request protected diulang otomatis. - User tetap berada di halaman aplikasi tanpa login ulang. | M8: Not Started | N8: V | O8: Sangat penting untuk regression auth wrapper. | P8: https://raw.githubusercontent.com/MuhamadRamdhani/ITAM/main/docs/alur-end-to-end-login-sampai-kpi-dan-internal-audit.md
A9: AUTH-005 | B9: Fondasi | C9: Auth and Dashboard | D9: Logout | E9: Memastikan logout mengakhiri sesi dengan aman. | F9: Positive | G9: All authenticated users | H9: High | I9: User sudah login. | J9: 1. Buka application shell. 2. Klik logout. 3. Tunggu redirect ke login. 4. Coba buka halaman protected kembali. | K9: - User kembali ke login. - Halaman protected tidak bisa diakses tanpa login ulang. - Sesi lama tidak dapat dipakai lagi. | M9: Not Started | N9: V | P9: https://raw.githubusercontent.com/MuhamadRamdhani/ITAM/main/docs/generate-itam-test-scenarios.ps1
A10: AUTH-006 | B10: Fondasi | C10: Auth and Dashboard | D10: Dashboard | E10: Memastikan dashboard menampilkan summary cards dan quick links. | F10: Positive | G10: All authenticated users | H10: High | I10: User sudah login. | J10: 1. Buka home/dashboard. 2. Periksa summary cards. 3. Periksa quick links utama. 4. Klik satu quick link. | K10: - Summary cards tampil. - Quick links ke create asset/document/upload evidence terlihat sesuai peran. - Navigasi quick link berjalan. | M10: Not Started | N10: V | P10: https://raw.githubusercontent.com/MuhamadRamdhani/ITAM/main/docs/panduan-penggunaan-lengkap.md
A11: AUTH-007 | B11: Fondasi | C11: Auth and Dashboard | D11: Dashboard Visibility | E11: Memastikan launcher mengikuti role user. | F11: Authorization | G11: SUPERADMIN/TENANT_ADMIN/ITAM_MANAGER/AUDITOR | H11: High | I11: Siapkan beberapa akun dengan role berbeda. | J11: 1. Login sebagai role pertama dan catat launcher yang muncul. 2. Logout lalu login sebagai role kedua. 3. Bandingkan launcher dan tombol aksi yang terlihat. | K11: - Launcher mengikuti role. - Modul yang tidak relevan tidak ditampilkan. - Tidak ada tombol aksi write untuk role read-only. | M11: Not Started | N11: V | P11: https://raw.githubusercontent.com/MuhamadRamdhani/ITAM/main/docs/matriks-akses-role.md
A12: AUTH-008 | B12: Fondasi | C12: Auth and Dashboard | D12: Login | E12: Memastikan login ditolak bila captcha belum diisi atau token captcha invalid/expired. | F12: Negative | G12: Public | H12: High | I12: Tenant aktif; akun aktif; site key captcha tersedia. | J12: 1. Buka halaman login. 2. Isi Tenant Code, Email Address, dan Password valid. 3. Jangan selesaikan captcha atau gunakan token captcha invalid. 4. Klik login. | K12: - Login ditolak. - Pesan captcha tampil. - Widget captcha di-reset bila token invalid/expired. | L12: captcha kosong / captcha invalid | M12: Not Started | N12: V | P12: https://raw.githubusercontent.com/MuhamadRamdhani/ITAM/main/apps/web/app/login/page.tsx
A13: AUTH-009 | B13: Fondasi | C13: Auth and Dashboard | D13: Login | E13: Memastikan login diblokir untuk tenant dengan contract not set / not active / suspended. | F13: Negative | G13: Public | H13: High | I13: Siapkan tenant pada beberapa status kontrak: not set, expired, suspended. | J13: 1. Login menggunakan akun tenant yang kontraknya bermasalah. 2. Selesaikan captcha. 3. Submit form. | K13: - Login ditolak. - Modal status tenant/kontrak tampil sesuai kondisi. - Tidak ada redirect ke dashboard. | L13: tenant contract not set / not active / suspended | M13: Not Started | N13: V | P13: https://raw.githubusercontent.com/MuhamadRamdhani/ITAM/main/apps/web/app/login/page.tsx
A14: AUTH-010 | B14: Fondasi | C14: Auth and Dashboard | D14: Login | E14: Memastikan proteksi double submit bekerja pada tombol login. | F14: Authorization | G14: Public | H14: Medium | I14: Halaman login terbuka. | J14: 1. Isi semua field valid. 2. Klik tombol login berkali-kali dengan cepat. 3. Amati request yang dikirim. | K14: - Hanya satu proses login yang aktif. - Tombol/indikator submit mencegah duplicate request. - Tidak muncul sesi ganda atau error balapan request. | L14: rapid click login | M14: Not Started | N14: V | P14: https://raw.githubusercontent.com/MuhamadRamdhani/ITAM/main/apps/web/app/login/page.tsx
A15: AUTH-011 | B15: Fondasi | C15: Auth and Dashboard | D15: Refresh Session | E15: Memastikan ketika refresh token tidak valid, user diarahkan kembali ke login dengan event session-expired. | F15: Integration | G15: All authenticated users | H15: High | I15: User pernah login; access token dan refresh token sudah invalid atau refresh endpoint gagal. | J15: 1. Akses halaman protected saat sesi sudah tidak bisa dipulihkan. 2. Amati respons client setelah refresh gagal. | K15: - Event session-expired dipicu. - Guard menampilkan pesan sesi habis. - User diarahkan ke halaman login. | L15: session expired total | M15: Not Started | N15: V | P15: https://raw.githubusercontent.com/MuhamadRamdhani/ITAM/main/apps/web/app/lib/api.ts
A16: AUTH-012 | B16: Fondasi | C16: Auth and Dashboard | D16: Logout | E16: Memastikan logout menghapus sesi dan user tidak lagi bisa mengakses halaman protected. | F16: Positive | G16: All authenticated users | H16: High | I16: User sudah login ke aplikasi. | J16: 1. Klik tombol Logout. 2. Konfirmasi bila ada. 3. Coba akses kembali halaman protected dari tab yang sama atau refresh browser. | K16: - Session cookie dibersihkan. - User kembali ke login. - Halaman protected meminta login lagi. | M16: Not Started | N16: V | P16: https://raw.githubusercontent.com/MuhamadRamdhani/ITAM/main/docs/alur-end-to-end-login-sampai-kpi-dan-internal-audit.md
A17: DASH-001 | B17: Fondasi | C17: Auth and Dashboard | D17: Dashboard Summary | E17: Memastikan summary cards termuat setelah login dan menampilkan kondisi inti tenant. | F17: Positive | G17: All authenticated users | H17: High | I17: User login valid dan memiliki akses ke home/dashboard. | J17: 1. Login ke aplikasi. 2. Tunggu dashboard selesai dimuat. 3. Periksa summary cards. | K17: - Ringkasan seperti total assets, pending approvals, documents in review, evidence, scope, atau governance termuat. - Tidak ada error load pada komponen utama dashboard. | M17: Not Started | N17: V | P17: https://raw.githubusercontent.com/MuhamadRamdhani/ITAM/main/apps/web/app/components/DashboardSummaryCards.tsx
A18: DASH-002 | B18: Fondasi | C18: Auth and Dashboard | D18: Vendor Contract Alert | E18: Memastikan vendor contract alert tampil ketika ada kontrak expiring atau expired. | F18: Positive | G18: All authenticated users | H18: Medium | I18: Tersedia data kontrak dengan health EXPIRING atau EXPIRED. | J18: 1. Buka dashboard. 2. Cari kartu Vendor Contract Alert. 3. Klik tautan ke modul Contracts bila tersedia. | K18: - Jumlah expiring/expired tampil benar. - Link mengarah ke Contracts dengan konteks yang relevan. | L18: contracts health expiring/expired | M18: Not Started | N18: V | P18: https://raw.githubusercontent.com/MuhamadRamdhani/ITAM/main/apps/web/app/components/DashboardSummaryCards.tsx
A19: DASH-003 | B19: Fondasi | C19: Auth and Dashboard | D19: Launcher Visibility | E19: Memastikan launcher/dashboard menu hanya menampilkan modul yang relevan untuk role yang login. | F19: Authorization | G19: SUPERADMIN/TENANT_ADMIN/ITAM_MANAGER/ASSET_CUSTODIAN/AUDITOR | H19: High | I19: Siapkan akun dengan role berbeda. | J19: 1. Login dengan role A, catat launcher yang muncul. 2. Logout. 3. Login dengan role B/C/D. 4. Bandingkan launcher yang tampil. | K19: - Modul yang ditampilkan sesuai role matrix. - Role read-only tidak melihat aksi operasional yang tidak berwenang. | L19: multi-role accounts | M19: Not Started | N19: V | P19: https://raw.githubusercontent.com/MuhamadRamdhani/ITAM/main/docs/matriks-akses-role.md
A20: DASH-004 | B20: Fondasi | C20: Auth and Dashboard | D20: Quick Links | E20: Memastikan quick links di dashboard mengarah ke halaman target yang benar. | F20: Positive | G20: All authenticated users | H20: Medium | I20: Dashboard sudah terbuka. | J20: 1. Klik beberapa quick links seperti New Asset, New Document, Upload Evidence, Vendors, Contracts, atau Pending Approvals. 2. Verifikasi halaman tujuan. | K20: - Navigasi berhasil tanpa 404/500. - Halaman target sesuai label quick link. - Role yang tidak berwenang tidak bisa melewati proteksi backend/UI. | M20: Not Started | N20: V | P20: https://raw.githubusercontent.com/MuhamadRamdhani/ITAM/main/apps/web/app/page.tsx
A21: DASH-005 | B21: Fondasi | C21: Auth and Dashboard | D21: Dashboard Unauthorized Handling | E21: Memastikan dashboard menangani unauthorized dengan benar ketika sesi hilang saat sedang berada di aplikasi. | F21: Integration | G21: All authenticated users | H21: High | I21: User sempat login lalu sesi dihapus/expired. | J21: 1. Buka dashboard. 2. Hapus cookie sesi atau tunggu sesi habis. 3. Refresh halaman atau trigger API dashboard. | K21: - Dashboard menampilkan handling session missing/expired. - Client mencoba refresh bila memungkinkan. - Jika gagal, user kembali ke login dengan aman. | M21: Not Started | N21: V | P21: https://raw.githubusercontent.com/MuhamadRamdhani/ITAM/main/apps/web/app/components/DashboardSummaryCards.tsx
A22: ASSET-001 | B22: Core ITAM | C22: Assets | D22: Assets List | E22: Memastikan list asset dapat dicari dan difilter. | F22: Positive | G22: Tenant-scoped | H22: High | I22: Data asset minimal 5 record dengan type/state berbeda tersedia. | J22: 1. Buka halaman Assets. 2. Gunakan search berdasarkan asset tag atau name. 3. Pilih Asset Type dan Lifecycle State. 4. Terapkan filter. | K22: - Daftar asset menyesuaikan filter. - Page size dan pagination tetap konsisten. - Filter mengambil nilai dari config tenant. | M22: Not Started | N22: V | P22: https://raw.githubusercontent.com/MuhamadRamdhani/ITAM/main/docs/panduan-penggunaan-lengkap.md
A23: ASSET-002 | B23: Core ITAM | C23: Assets | D23: New Asset | E23: Memastikan asset baru dapat dibuat oleh role yang diizinkan. | F23: Positive | G23: TENANT_ADMIN/ITAM_MANAGER | H23: High | I23: Master asset type dan lifecycle state sudah tersedia. | J23: 1. Buka Assets > New Asset. 2. Isi Asset Tag, Name, Asset Type, Initial State, Status, dan coverage dates yang relevan. 3. Simpan data. | K23: - Asset baru tersimpan. - User diarahkan ke asset detail atau asset terlihat di list. - Nilai asset type dan state sesuai pilihan. | M23: Not Started | N23: V | P23: https://raw.githubusercontent.com/MuhamadRamdhani/ITAM/main/docs/panduan-penggunaan-lengkap.md
A24: ASSET-003 | B24: Core ITAM | C24: Assets | D24: New Asset | E24: Memastikan role non-operasional tidak dapat membuat asset. | F24: Authorization | G24: AUDITOR | H24: High | I24: Login sebagai role read-only. | J24: 1. Buka halaman Assets. 2. Coba akses tombol New Asset atau route create asset. 3. Coba submit form bila route berhasil dibuka. | K24: - Tombol create tidak tampil atau akses backend ditolak. - Tidak ada asset baru yang tersimpan. | M24: Not Started | N24: V | P24: https://raw.githubusercontent.com/MuhamadRamdhani/ITAM/main/docs/matriks-akses-role.md
A25: ASSET-004 | B25: Core ITAM | C25: Assets | D25: Ownership Panel | E25: Memastikan owner/custodian/location dapat diubah dan history tetap terjaga. | F25: Positive | G25: TENANT_ADMIN/ITAM_MANAGER/ASSET_CUSTODIAN | H25: High | I25: Asset sudah ada; department, identity, dan location master tersedia. | J25: 1. Buka asset detail. 2. Masuk ke Ownership Panel. 3. Cari dan pilih department, identity, dan location baru. 4. Simpan perubahan. | K25: - Ownership aktif berubah. - History ownership bertambah. - Lookup mengambil data dari master tenant. | M25: Not Started | N25: V | P25: https://raw.githubusercontent.com/MuhamadRamdhani/ITAM/main/docs/panduan-penggunaan-lengkap.md
A26: ASSET-005 | B26: Core ITAM | C26: Assets | D26: Lifecycle Panel | E26: Memastikan lifecycle transition biasa dapat dijalankan saat gate terpenuhi. | F26: Positive | G26: Role operasional | H26: High | I26: Asset memiliki transition yang tidak membutuhkan approval. | J26: 1. Buka asset detail. 2. Masuk ke Lifecycle Panel. 3. Pilih Target State yang valid. 4. Submit transition. | K26: - Current state berubah. - History state bertambah. - Tidak ada approval record baru bila transition tidak mensyaratkan approval. | M26: Not Started | N26: V | P26: https://raw.githubusercontent.com/MuhamadRamdhani/ITAM/main/docs/panduan-penggunaan-lengkap.md
A27: ASSET-006 | B27: Core ITAM | C27: Assets | D27: Lifecycle Panel | E27: Memastikan transition yang membutuhkan approval membuat approval record. | F27: Integration | G27: Role operasional | H27: High | I27: Asset memiliki transition dengan indikator approval required. | J27: 1. Buka asset detail. 2. Pilih transition yang membutuhkan approval. 3. Submit action. 4. Buka modul Approvals dan cari record yang dibuat. | K27: - Approval record baru muncul. - State final asset belum berubah sampai approval disetujui. - Audit trail workflow bertambah. | M27: Not Started | N27: V | P27: https://raw.githubusercontent.com/MuhamadRamdhani/ITAM/main/docs/panduan-penggunaan-lengkap.md
A28: ASSET-007 | B28: Core ITAM | C28: Assets | D28: Software Panels | E28: Memastikan software installation dan assignment dapat dikelola dari asset detail. | F28: Integration | G28: SUPERADMIN/TENANT_ADMIN/ITAM_MANAGER | H28: Medium | I28: Software product aktif tersedia; identity tenant tersedia. | J28: 1. Buka asset detail. 2. Tambahkan software installation. 3. Tambahkan assignment ke identity. 4. Refresh panel. | K28: - Installation tersimpan. - Assignment tersimpan. - History installation/assignment dapat dilihat ulang. | M28: Not Started | N28: V | P28: https://raw.githubusercontent.com/MuhamadRamdhani/ITAM/main/docs/panduan-penggunaan-lengkap.md
A29: ASSET-008 | B29: Core ITAM | C29: Assets | D29: Transfer Action | E29: Memastikan action transfer hanya muncul untuk role tertentu. | F29: Authorization | G29: SUPERADMIN/TENANT_ADMIN/ITAM_MANAGER vs AUDITOR | H29: Medium | I29: Siapkan akun role operasional dan role read-only. | J29: 1. Login sebagai role operasional dan buka Assets. 2. Catat apakah action Transfer tampil. 3. Login sebagai role read-only dan ulangi pemeriksaan. | K29: - Action Transfer hanya tersedia untuk role yang diizinkan. - Role read-only tidak melihat atau tidak dapat menjalankan transfer. | M29: Not Started | N29: V | P29: https://raw.githubusercontent.com/MuhamadRamdhani/ITAM/main/docs/alur-end-to-end-login-sampai-kpi-dan-internal-audit.md
A30: ASSET-009 | B30: Core ITAM | C30: Assets | D30: Assets List | E30: Memastikan halaman Assets melakukan bootstrap auth dan config tenant dengan benar sebelum memuat list. | F30: Integration | G30: Tenant-scoped | H30: High | I30: User login; config asset types, lifecycle states, dan config UI tersedia. | J30: 1. Buka halaman Assets. 2. Amati load awal halaman. 3. Pastikan user profile, config UI, asset types, lifecycle states, dan list asset termuat. | K30: - Halaman tidak blank/crash. - Dropdown filter terisi dari config tenant. - List asset muncul setelah bootstrap selesai. | M30: Not Started | N30: V | P30: https://raw.githubusercontent.com/MuhamadRamdhani/ITAM/main/apps/web/app/assets/AssetsClient.tsx
A31: ASSET-010 | B31: Core ITAM | C31: Assets | D31: Assets List | E31: Memastikan invalid page size ditolak sesuai config server. | F31: Negative | G31: Tenant-scoped | H31: High | I31: Assets page dapat diakses. | J31: 1. Manipulasi URL page_size ke nilai yang tidak ada pada config. 2. Reload halaman Assets. | K31: - Pesan invalid page size muncul atau request ditolak. - Halaman tidak menampilkan data dengan page size liar. - Enforcement mengikuti config server. | L31: page_size di luar config | M31: Not Started | N31: V | P31: https://raw.githubusercontent.com/MuhamadRamdhani/ITAM/main/apps/web/app/assets/AssetsClient.tsx
A32: ASSET-011 | B32: Core ITAM | C32: Assets | D32: Assets List | E32: Memastikan empty state tampil saat hasil pencarian tidak ditemukan. | F32: Negative | G32: Tenant-scoped | H32: Medium | I32: Assets page dapat diakses. | J32: 1. Cari asset dengan kata kunci yang pasti tidak ada. 2. Submit filter/search. | K32: - Tabel/list tidak error. - UI menampilkan informasi bahwa tidak ada asset yang cocok. - Filter tetap dapat diubah kembali. | L32: keyword tidak ada | M32: Not Started | N32: V | P32: https://raw.githubusercontent.com/MuhamadRamdhani/ITAM/main/apps/web/app/assets/AssetsClient.tsx
A33: ASSET-012 | B33: Core ITAM | C33: Assets | D33: New Asset | E33: Memastikan coverage field mengikuti tipe asset kategori hardware/network. | F33: Positive | G33: TENANT_ADMIN/ITAM_MANAGER | H33: Medium | I33: Form New Asset terbuka. | J33: 1. Pilih Asset Type HARDWARE atau NETWORK. 2. Amati field coverage yang muncul. 3. Isi warranty/support dates bila tersedia. | K33: - Coverage field menonjolkan warranty/support. - Field subscription tidak menjadi fokus utama untuk mode hardware. - User tidak bingung karena field selaras dengan jenis asset. | L33: asset type HARDWARE / NETWORK | M33: Not Started | N33: V | P33: https://raw.githubusercontent.com/MuhamadRamdhani/ITAM/main/apps/web/app/assets/new/page.tsx
A34: ASSET-013 | B34: Core ITAM | C34: Assets | D34: New Asset | E34: Memastikan coverage field mengikuti tipe asset kategori software/saas/cloud/vm_container. | F34: Positive | G34: TENANT_ADMIN/ITAM_MANAGER | H34: Medium | I34: Form New Asset terbuka. | J34: 1. Pilih Asset Type SOFTWARE, SAAS, CLOUD, atau VM_CONTAINER. 2. Amati perubahan field coverage. 3. Isi subscription dates yang relevan. | K34: - Coverage field menonjolkan subscription/license term. - Tampilan form menyesuaikan jenis asset yang dipilih. | L34: asset type SOFTWARE / SAAS / CLOUD / VM_CONTAINER | M34: Not Started | N34: V | P34: https://raw.githubusercontent.com/MuhamadRamdhani/ITAM/main/apps/web/app/assets/new/page.tsx
A35: ASSET-014 | B35: Core ITAM | C35: Assets | D35: New Asset | E35: Memastikan validasi field wajib berjalan saat create asset. | F35: Negative | G35: TENANT_ADMIN/ITAM_MANAGER | H35: High | I35: Form New Asset terbuka. | J35: 1. Biarkan Asset Tag atau Name kosong. 2. Atau kosongkan Asset Type / Initial State. 3. Klik simpan. | K35: - Form menolak submit. - Pesan validasi tampil. - Tidak ada asset baru yang tersimpan. | L35: field wajib kosong | M35: Not Started | N35: V | P35: https://raw.githubusercontent.com/MuhamadRamdhani/ITAM/main/docs/panduan-penggunaan-lengkap.md
A36: ASSET-015 | B36: Core ITAM | C36: Assets | D36: Asset Detail | E36: Memastikan asset detail dapat dibuka dari list dan berfungsi sebagai hub modul lanjutan. | F36: Positive | G36: Tenant-scoped | H36: High | I36: Ada minimal satu asset pada list. | J36: 1. Dari Assets List klik View/Detail. 2. Tunggu halaman Asset Detail terbuka. 3. Tinjau panel utama yang tersedia. | K36: - Asset Detail terbuka. - Ownership, Lifecycle, Software Installations, dan Software Assignments dapat diakses sesuai role. - Tidak ada mismatch asset ID. | M36: Not Started | N36: V | P36: https://raw.githubusercontent.com/MuhamadRamdhani/ITAM/main/docs/diagram-per-modul.md
A37: ASSET-016 | B37: Core ITAM | C37: Assets | D37: Ownership Panel | E37: Memastikan role read-only seperti AUDITOR tidak dapat mengubah ownership. | F37: Authorization | G37: AUDITOR | H37: High | I37: Login sebagai AUDITOR; asset tersedia. | J37: 1. Buka Asset Detail. 2. Akses Ownership Panel. 3. Coba ubah department/custodian/location lalu simpan. | K37: - Aksi ubah tidak tersedia atau ditolak. - Tidak ada perubahan ownership yang tersimpan. | M37: Not Started | N37: V | P37: https://raw.githubusercontent.com/MuhamadRamdhani/ITAM/main/docs/matriks-akses-role.md
A38: ASSET-017 | B38: Core ITAM | C38: Assets | D38: Lifecycle Panel | E38: Memastikan current state, transition options, dan history lifecycle tampil pada asset detail. | F38: Positive | G38: Tenant-scoped | H38: High | I38: Asset sudah ada dan memiliki state aktif. | J38: 1. Buka Asset Detail. 2. Masuk ke Lifecycle Panel. 3. Periksa current state, target state, dan history. | K38: - Current state terlihat jelas. - Opsi transition yang valid ditampilkan. - History lifecycle tersedia untuk audit trail. | M38: Not Started | N38: V | P38: https://raw.githubusercontent.com/MuhamadRamdhani/ITAM/main/docs/panduan-penggunaan-lengkap.md
A39: ASSET-018 | B39: Core ITAM | C39: Assets | D39: Lifecycle Panel | E39: Memastikan transition yang tidak membutuhkan approval mengubah state langsung. | F39: Integration | G39: TENANT_ADMIN/ITAM_MANAGER | H39: High | I39: Siapkan asset dengan transition direct yang valid. | J39: 1. Buka Lifecycle Panel. 2. Pilih target state direct. 3. Submit transition. | K39: - State asset berubah langsung. - History bertambah. - Tidak ada pending approval yang tersisa untuk transition ini. | L39: transition direct | M39: Not Started | N39: V | P39: https://raw.githubusercontent.com/MuhamadRamdhani/ITAM/main/docs/diagram-per-modul.md
A40: ASSET-019 | B40: Core ITAM | C40: Assets | D40: Lifecycle Panel | E40: Memastikan transition yang membutuhkan approval membuat record approval sebelum state final berubah. | F40: Integration | G40: TENANT_ADMIN/ITAM_MANAGER | H40: High | I40: Siapkan asset dengan transition yang require approval. | J40: 1. Buka Lifecycle Panel. 2. Pilih target state yang butuh approval. 3. Submit transition. 4. Buka modul Approvals untuk memeriksa request. | K40: - Approval baru terbentuk. - Asset belum berpindah ke state final sebelum approval diputuskan. - Setelah approval disetujui, state berubah sesuai workflow. | L40: transition require approval | M40: Not Started | N40: V | P40: https://raw.githubusercontent.com/MuhamadRamdhani/ITAM/main/docs/diagram-per-modul.md
A41: ASSET-020 | B41: Core ITAM | C41: Assets | D41: Lifecycle Panel | E41: Memastikan UI menampilkan blocked reasons, gate rules, atau evidence required pada transition tertentu. | F41: Negative | G41: TENANT_ADMIN/ITAM_MANAGER | H41: Medium | I41: Siapkan asset yang belum memenuhi gate transition. | J41: 1. Buka Lifecycle Panel. 2. Pilih atau lihat transition yang terblokir. 3. Amati indikator atau alasan blokir. | K41: - User melihat alasan mengapa transition belum bisa dilakukan. - Bila evidence required, indikatornya jelas. - UI membantu user memperbaiki prasyarat sebelum submit. | L41: asset belum memenuhi gate | M41: Not Started | N41: V | P41: https://raw.githubusercontent.com/MuhamadRamdhani/ITAM/main/docs/panduan-penggunaan-lengkap.md
A42: ASSET-021 | B42: Core ITAM | C42: Assets | D42: Software Installations | E42: Memastikan panel software installations bersifat read untuk role yang diizinkan, termasuk AUDITOR. | F42: Authorization | G42: SUPERADMIN/TENANT_ADMIN/ITAM_MANAGER/AUDITOR | H42: Medium | I42: Asset memiliki data installation atau panel tersedia. | J42: 1. Login dengan role yang berbeda. 2. Buka Asset Detail. 3. Periksa apakah panel installation dapat dibaca. | K42: - Role yang diizinkan dapat membaca data installation. - Role non-authorized tidak melihat data/aksi yang seharusnya tidak tersedia. | M42: Not Started | N42: V | P42: https://raw.githubusercontent.com/MuhamadRamdhani/ITAM/main/docs/panduan-penggunaan-lengkap.md
A43: ASSET-022 | B43: Core ITAM | C43: Assets | D43: Software Installations | E43: Memastikan role write dapat menambah software installation dengan data yang benar. | F43: Positive | G43: TENANT_ADMIN/ITAM_MANAGER | H43: Medium | I43: Software Product sudah tersedia; asset detail terbuka. | J43: 1. Di Asset Detail, tambah installation baru. 2. Pilih software product. 3. Isi status installation, version, installed/detected dates, dan notes. 4. Simpan. | K43: - Installation baru tercatat pada asset yang benar. - Nilai status sesuai enumerasi yang didukung. - Data tampil kembali pada panel asset detail. | M43: Not Started | N43: V | P43: https://raw.githubusercontent.com/MuhamadRamdhani/ITAM/main/docs/panduan-penggunaan-lengkap.md
A44: ASSET-023 | B44: Core ITAM | C44: Assets | D44: Software Assignments | E44: Memastikan role write dapat menambah assignment software ke identity tertentu. | F44: Positive | G44: TENANT_ADMIN/ITAM_MANAGER | H44: Medium | I44: Asset detail terbuka; installation tersedia; identity master tersedia. | J44: 1. Pilih software installation. 2. Tambah assignment. 3. Pilih identity, assignment role, dan status. 4. Simpan. | K44: - Assignment tersimpan. - Relasi installation-user benar. - Role/status assignment tampil sesuai pilihan. | M44: Not Started | N44: V | P44: https://raw.githubusercontent.com/MuhamadRamdhani/ITAM/main/docs/panduan-penggunaan-lengkap.md
A45: ASSET-024 | B45: Core ITAM | C45: Assets | D45: Transfer Action | E45: Memastikan tombol atau link transfer hanya tampil untuk role yang berwenang. | F45: Authorization | G45: SUPERADMIN/TENANT_ADMIN/ITAM_MANAGER/AUDITOR | H45: High | I45: Siapkan beberapa akun role dan minimal satu asset. | J45: 1. Login dengan role berwenang. 2. Buka Assets List/Detail dan catat adanya tombol Transfer. 3. Login dengan AUDITOR atau role non-operasional. 4. Bandingkan UI. | K45: - Transfer action muncul untuk role berwenang. - Transfer action tidak muncul untuk role baca saja. - Tidak ada celah bypass dari UI normal. | M45: Not Started | N45: V | P45: https://raw.githubusercontent.com/MuhamadRamdhani/ITAM/main/apps/web/app/assets/AssetsClient.tsx
A46: ASSET-025 | B46: Core ITAM | C46: Assets | D46: Coverage Integration | E46: Memastikan asset yang memiliki coverage dates muncul secara benar pada modul Reports / Asset Coverage. | F46: Integration | G46: TENANT_ADMIN/ITAM_MANAGER | H46: Medium | I46: Asset telah dibuat dengan warranty/support/subscription dates. | J46: 1. Buat atau edit asset dengan coverage dates. 2. Buka modul Reports / Asset Coverage. 3. Cari asset tersebut. | K46: - Asset muncul dengan coverage kind yang benar. - Health coverage sesuai rentang tanggal. - Data asset konsisten antara detail asset dan laporan. | M46: Not Started | N46: V | P46: https://raw.githubusercontent.com/MuhamadRamdhani/ITAM/main/docs/alur-end-to-end-login-sampai-kpi-dan-internal-audit.md
A47: APPR-001 | B47: Core ITAM | C47: Approvals | D47: Approval Queue | E47: Memastikan queue approval dapat difilter berdasarkan status. | F47: Positive | G47: Tenant-scoped | H47: High | I47: Minimal ada approval status PENDING dan APPROVED. | J47: 1. Buka halaman Approvals. 2. Pilih filter status PENDING. 3. Ulangi untuk APPROVED dan REJECTED. | K47: - List menampilkan approval sesuai status. - Pagination tetap konsisten. - Record yang dibuka sesuai tenant. | M47: Not Started | N47: V | P47: https://raw.githubusercontent.com/MuhamadRamdhani/ITAM/main/docs/panduan-penggunaan-lengkap.md
A48: APPR-002 | B48: Core ITAM | C48: Approvals | D48: Approve | E48: Memastikan decider yang berwenang dapat approve approval. | F48: Positive | G48: TENANT_ADMIN/ITAM_MANAGER/PROCUREMENT_CONTRACT_MANAGER | H48: High | I48: Tersedia approval PENDING yang valid. | J48: 1. Buka detail approval. 2. Pilih approve. 3. Isi decision note bila tersedia. 4. Submit keputusan. | K48: - Status approval berubah menjadi APPROVED. - Workflow asal menerima hasil approve. - Audit trail keputusan tercatat. | M48: Not Started | N48: V | P48: https://raw.githubusercontent.com/MuhamadRamdhani/ITAM/main/docs/panduan-penggunaan-lengkap.md
A49: APPR-003 | B49: Core ITAM | C49: Approvals | D49: Reject | E49: Memastikan decider yang berwenang dapat reject approval. | F49: Positive | G49: TENANT_ADMIN/ITAM_MANAGER/PROCUREMENT_CONTRACT_MANAGER | H49: High | I49: Tersedia approval PENDING yang valid. | J49: 1. Buka detail approval. 2. Pilih reject. 3. Isi decision note. 4. Submit keputusan. | K49: - Status approval berubah menjadi REJECTED. - Workflow asal mengikuti hasil reject. - Audit trail keputusan tercatat. | M49: Not Started | N49: V | P49: https://raw.githubusercontent.com/MuhamadRamdhani/ITAM/main/docs/panduan-penggunaan-lengkap.md
A50: APPR-004 | B50: Core ITAM | C50: Approvals | D50: Decision Guard | E50: Memastikan role non-decider tidak dapat mengambil keputusan approval. | F50: Authorization | G50: AUDITOR/ASSET_CUSTODIAN | H50: High | I50: Approval PENDING tersedia. | J50: 1. Login sebagai role non-decider. 2. Buka detail approval. 3. Coba jalankan approve/reject. | K50: - Aksi decision tidak tersedia atau ditolak backend. - Status approval tetap tidak berubah. | M50: Not Started | N50: V | P50: https://raw.githubusercontent.com/MuhamadRamdhani/ITAM/main/docs/matriks-akses-role.md
A51: APPR-005 | B51: Core ITAM | C51: Approvals | D51: Approval Detail | E51: Memastikan detail approval menampilkan sumber workflow, requester, status, dan catatan keputusan. | F51: Positive | G51: Tenant-scoped | H51: Medium | I51: Approval dengan source_type dan source_id valid tersedia. | J51: 1. Buka halaman Approvals. 2. Pilih salah satu approval. 3. Buka detail approval. 4. Tinjau informasi header dan body. | K51: - Detail approval memuat source workflow, status, requester, created at, dan note. - User memahami approval ini berasal dari modul mana. - Tidak ada field penting yang kosong tanpa penjelasan. | M51: Not Started | N51: V | P51: https://raw.githubusercontent.com/MuhamadRamdhani/ITAM/main/docs/diagram-per-modul.md
A52: APPR-006 | B52: Core ITAM | C52: Approvals | D52: Approval Queue | E52: Memastikan queue approval dapat dicari berdasarkan keyword dan source workflow. | F52: Positive | G52: Tenant-scoped | H52: Medium | I52: Tersedia approval dari lebih dari satu source workflow. | J52: 1. Buka halaman Approvals. 2. Gunakan keyword pencarian atau filter source workflow bila tersedia. 3. Bandingkan hasil sebelum dan sesudah filter. | K52: - Hasil queue menyempit sesuai keyword/source. - Approval dari modul berbeda dapat dibedakan. - Tidak ada data tenant lain yang ikut tampil. | M52: Not Started | N52: V | P52: https://raw.githubusercontent.com/MuhamadRamdhani/ITAM/main/docs/generate-itam-test-scenarios.ps1
A53: APPR-007 | B53: Core ITAM | C53: Approvals | D53: Reject | E53: Memastikan reject yang membutuhkan decision note tidak dapat disubmit tanpa catatan. | F53: Negative | G53: TENANT_ADMIN/ITAM_MANAGER/PROCUREMENT_CONTRACT_MANAGER | H53: Medium | I53: Approval PENDING tersedia; policy note reject diterapkan atau disimulasikan. | J53: 1. Buka detail approval PENDING. 2. Pilih Reject. 3. Kosongkan decision note. 4. Submit keputusan. | K53: - Sistem menolak submit reject tanpa data wajib. - Pesan validasi tampil. - Status approval tetap PENDING sampai input lengkap. | M53: Not Started | N53: V | P53: https://raw.githubusercontent.com/MuhamadRamdhani/ITAM/main/docs/panduan-penggunaan-lengkap.md
... A70: DOC-012 | B70: Dokumen & Bukti | C70: Documents | D70: Tenant Isolation | E70: Memastikan dokumen tenant lain tidak dapat dilihat atau dibuka. | F70: Authorization | G70: Tenant-scoped | H70: High | I70: Siapkan tenant A dan tenant B dengan dokumen masing-masing. | J70: 1. Login tenant A dan catat dokumen yang terlihat. 2. Login tenant B. 3. Coba akses ID dokumen tenant A dari tenant B. | K70: - List hanya menampilkan dokumen tenant aktif. - Akses detail dokumen tenant lain ditolak. - Tidak ada kebocoran versi atau content JSON lintas tenant. | M70: Not Started | N70: V | P70: https://raw.githubusercontent.com/MuhamadRamdhani/ITAM/main/docs/matriks-akses-role.md
A71: EVID-001 | B71: Dokumen & Bukti | C71: Evidence | D71: Upload | E71: Memastikan file evidence valid dapat di-upload. | F71: Positive | G71: TENANT_ADMIN/ITAM_MANAGER/ASSET_CUSTODIAN | H71: High | I71: User role valid; file ukuran dan tipe diperbolehkan tersedia. | J71: 1. Buka halaman Evidence. 2. Pilih file yang valid. 3. Submit upload. 4. Refresh library evidence. | K71: - File tersimpan di library. - Metadata file dapat dicari. - File dapat diunduh. | L71: contoh: PDF/JPG/PNG di bawah limit | M71: Not Started | N71: V | P71: https://raw.githubusercontent.com/MuhamadRamdhani/ITAM/main/docs/panduan-penggunaan-lengkap.md
A72: EVID-002 | B72: Dokumen & Bukti | C72: Evidence | D72: Upload Validation | E72: Memastikan file yang melanggar aturan upload ditolak. | F72: Negative | G72: TENANT_ADMIN/ITAM_MANAGER/ASSET_CUSTODIAN | H72: High | I72: Siapkan file dengan ukuran atau tipe yang tidak diperbolehkan. | J72: 1. Buka halaman Evidence. 2. Pilih file yang tidak valid. 3. Submit upload. | K72: - Upload ditolak. - Pesan validasi tampil. - Tidak ada record evidence baru. | M72: Not Started | N72: V | P72: https://raw.githubusercontent.com/MuhamadRamdhani/ITAM/main/docs/panduan-penggunaan-lengkap.md
A73: EVID-003 | B73: Dokumen & Bukti | C73: Evidence | D73: Attach to Record | E73: Memastikan evidence dapat dihubungkan ke asset/document/approval/contract. | F73: Integration | G73: TENANT_ADMIN/ITAM_MANAGER/ASSET_CUSTODIAN | H73: High | I73: Tersedia file evidence dan record target. | J73: 1. Buka record target. 2. Pilih attach evidence. 3. Pilih file evidence dari library. 4. Simpan relation. | K73: - Evidence tampil di record target. - Relation tersimpan dan dapat dibuka ulang. - Tidak ada duplikasi relation yang tidak perlu. | M73: Not Started | N73: V | P73: https://raw.githubusercontent.com/MuhamadRamdhani/ITAM/main/docs/panduan-penggunaan-lengkap.md
A74: EVID-004 | B74: Dokumen & Bukti | C74: Evidence | D74: Search & Download | E74: Memastikan evidence dapat dicari dari library dan diunduh kembali. | F74: Positive | G74: Tenant-scoped | H74: Medium | I74: Evidence sudah ada di library. | J74: 1. Cari evidence berdasarkan filename, mime, atau sha. 2. Buka hasil pencarian. 3. Unduh file. | K74: - Search mengembalikan file yang benar. - Download berhasil. - File hasil download sesuai file asal. | M74: Not Started | N74: V | P74: https://raw.githubusercontent.com/MuhamadRamdhani/ITAM/main/docs/panduan-penggunaan-lengkap.md
A75: EVID-005 | B75: Dokumen & Bukti | C75: Evidence | D75: Evidence Link | E75: Memastikan evidence link (URL) dapat dibuat dan digunakan sebagai bukti non-file. | F75: Positive | G75: TENANT_ADMIN/ITAM_MANAGER | H75: Medium | I75: Fitur evidence link tersedia; URL valid disiapkan. | J75: 1. Buka modul Evidence atau record target. 2. Pilih tambah evidence link. 3. Isi judul/label dan URL. 4. Simpan. | K75: - Evidence link tersimpan. - URL dapat dibuka kembali dari record. - Bukti non-file terdokumentasi dengan rapi. | M75: Not Started | N75: V | P75: https://raw.githubusercontent.com/MuhamadRamdhani/ITAM/main/docs/diagram-per-modul.md
A76: EVID-006 | B76: Dokumen & Bukti | C76: Evidence | D76: Detach Relation | E76: Memastikan relation evidence ke record dapat dilepas tanpa menghapus library utamanya. | F76: Positive | G76: TENANT_ADMIN/ITAM_MANAGER/ASSET_CUSTODIAN | H76: Medium | I76: Evidence sudah ter-attach ke asset/document/contract. | J76: 1. Buka detail record target. 2. Pilih unlink/detach evidence. 3. Simpan perubahan. 4. Cek library evidence. | K76: - Relation ke record target hilang. - File utama tetap ada di library evidence. - Record target tidak lagi menampilkan evidence tersebut. | M76: Not Started | N76: V | P76: https://raw.githubusercontent.com/MuhamadRamdhani/ITAM/main/docs/panduan-penggunaan-lengkap.md
A77: EVID-007 | B77: Dokumen & Bukti | C77: Evidence | D77: Max Size Guard | E77: Memastikan file melebihi limit upload ditolak. | F77: Negative | G77: TENANT_ADMIN/ITAM_MANAGER/ASSET_CUSTODIAN | H77: High | I77: Siapkan file di atas limit upload yang berlaku. | J77: 1. Buka halaman upload evidence. 2. Pilih file yang ukurannya melebihi limit. 3. Submit upload. | K77: - Upload ditolak. - Pesan limit ukuran tampil. - Tidak ada record evidence baru yang tersimpan. | L77: contoh file > 10 MB | M77: Not Started | N77: V | P77: https://raw.githubusercontent.com/MuhamadRamdhani/ITAM/main/docs/panduan-penggunaan-lengkap.md
A78: EVID-008 | B78: Dokumen & Bukti | C78: Evidence | D78: Duplicate Attach Guard | E78: Memastikan attach evidence yang sama ke target yang sama tidak menimbulkan duplikasi relation yang tidak perlu. | F78: Negative | G78: TENANT_ADMIN/ITAM_MANAGER | H78: Medium | I78: Satu evidence sudah lebih dulu di-attach ke record target. | J78: 1. Buka record target. 2. Pilih attach evidence yang sama sekali lagi. 3. Simpan relation. | K78: - Sistem mencegah duplikasi relation atau menampilkan warning yang jelas. - Detail target tidak berisi relation ganda yang membingungkan. | M78: Not Started | N78: V | P78: https://raw.githubusercontent.com/MuhamadRamdhani/ITAM/main/docs/generate-itam-test-scenarios.ps1
A79: EVID-009 | B79: Dokumen & Bukti | C79: Evidence | D79: Metadata Library | E79: Memastikan metadata evidence seperti nama file, mime type, size, checksum/sha dapat dibaca dari library. | F79: Positive | G79: Tenant-scoped | H79: Low | I79: Evidence tersimpan di library. | J79: 1. Buka library evidence. 2. Buka salah satu record. 3. Periksa metadata file yang ditampilkan. | K79: - Metadata utama tampil. - User dapat mengenali file tanpa harus men-download lebih dulu. - Pencarian berbasis metadata lebih mudah dilakukan. | M79: Not Started | N79: V | P79: https://raw.githubusercontent.com/MuhamadRamdhani/ITAM/main/docs/diagram-per-modul.md
A80: EVID-010 | B80: Dokumen & Bukti | C80: Evidence | D80: Read-Only Guard | E80: Memastikan role baca hanya dapat melihat evidence tanpa upload/attach/unlink. | F80: Authorization | G80: AUDITOR | H80: Medium | I80: Evidence library tersedia. | J80: 1. Login sebagai AUDITOR. 2. Buka library evidence dan salah satu record target. 3. Coba upload atau unlink evidence. | K80: - Evidence dapat dibaca/diunduh bila diizinkan. - Tombol write tidak tersedia atau backend menolak. - Integritas relation tetap aman. | M80: Not Started | N80: V | P80: https://raw.githubusercontent.com/MuhamadRamdhani/ITAM/main/docs/matriks-akses-role.md
A81: AUD-001 | B81: Dokumen & Bukti | C81: Audit Events | D81: Filter Audit Trail | E81: Memastikan audit trail dapat difilter untuk investigasi. | F81: Positive | G81: SUPERADMIN/TENANT_ADMIN/ITAM_MANAGER/AUDITOR | H81: High | I81: Data audit event tersedia. | J81: 1. Buka Audit Events. 2. Filter berdasarkan actor, entity, action, status, dan tanggal. 3. Buka beberapa record hasil. | K81: - Record audit menyesuaikan filter. - Payload/detail dapat dibaca. - Data tetap read-only. | M81: Not Started | N81: V | P81: https://raw.githubusercontent.com/MuhamadRamdhani/ITAM/main/docs/panduan-penggunaan-lengkap.md
A82: AUD-002 | B82: Dokumen & Bukti | C82: Audit Events | D82: Read-Only Guard | E82: Memastikan audit trail tidak menyediakan aksi perubahan data. | F82: Authorization | G82: Semua role yang bisa baca | H82: Medium | I82: User dapat membuka Audit Events. | J82: 1. Buka Audit Events. 2. Periksa apakah ada tombol create/update/delete. 3. Coba lakukan perubahan bila ada tombol yang mencurigakan. | K82: - Tidak ada aksi write. - Data audit tetap read-only. | M82: Not Started | N82: V | P82: https://raw.githubusercontent.com/MuhamadRamdhani/ITAM/main/docs/panduan-penggunaan-lengkap.md
A83: AUD-003 | B83: Dokumen & Bukti | C83: Audit Events | D83: Export | E83: Memastikan data audit dapat diexport. | F83: Positive | G83: SUPERADMIN/TENANT_ADMIN/ITAM_MANAGER/AUDITOR | H83: Medium | I83: Fitur export tersedia. | J83: 1. Buka Audit Events. 2. Terapkan filter tertentu. 3. Klik Export / JSON export. 4. Buka file hasil export. | K83: - File export berhasil diunduh. - Konten export sesuai filter yang diterapkan. | M83: Not Started | N83: V | P83: https://raw.githubusercontent.com/MuhamadRamdhani/ITAM/main/docs/generate-itam-test-scenarios.ps1
A84: AUD-004 | B84: Dokumen & Bukti | C84: Audit Events | D84: Module Filter | E84: Memastikan audit events dapat difilter berdasarkan modul atau entity type. | F84: Positive | G84: SUPERADMIN/TENANT_ADMIN/ITAM_MANAGER/AUDITOR | H84: Medium | I84: Audit event dari beberapa modul tersedia. | J84: 1. Buka Audit Events. 2. Gunakan filter modul/entity. 3. Bandingkan hasil sebelum dan sesudah filter. | K84: - Hasil audit events menyempit sesuai modul/entity. - Event dari modul lain tidak mendominasi hasil. - Tracking perubahan per area menjadi lebih mudah. | M84: Not Started | N84: V | P84: https://raw.githubusercontent.com/MuhamadRamdhani/ITAM/main/docs/diagram-per-modul.md
A85: AUD-005 | B85: Dokumen & Bukti | C85: Audit Events | D85: Actor & Date Filter | E85: Memastikan audit events dapat difilter berdasarkan actor dan rentang waktu. | F85: Positive | G85: SUPERADMIN/TENANT_ADMIN/ITAM_MANAGER/AUDITOR | H85: Medium | I85: Audit event dengan actor dan tanggal berbeda tersedia. | J85: 1. Buka Audit Events. 2. Pilih actor tertentu dan rentang tanggal. 3. Terapkan filter. | K85: - Daftar event mengikuti actor dan tanggal yang dipilih. - Event lama/berbeda actor tidak ikut tampil. - Filter membantu investigasi insiden/perubahan. | M85: Not Started | N85: V | P85: https://raw.githubusercontent.com/MuhamadRamdhani/ITAM/main/docs/panduan-penggunaan-lengkap.md
A86: AUD-006 | B86: Dokumen & Bukti | C86: Audit Events | D86: Payload View | E86: Memastikan payload JSON atau detail perubahan dapat dibuka tanpa error. | F86: Positive | G86: SUPERADMIN/TENANT_ADMIN/ITAM_MANAGER/AUDITOR | H86: High | I86: Audit event dengan payload tersedia. | J86: 1. Buka salah satu event. 2. Tampilkan payload/detail change. 3. Periksa format dan keterbacaan data. | K86: - Payload/detail change tampil dengan format yang dapat dibaca. - Informasi before/after atau action context terlihat. - Tidak terjadi error render JSON. | M86: Not Started | N86: V | P86: https://raw.githubusercontent.com/MuhamadRamdhani/ITAM/main/docs/alur-end-to-end-login-sampai-kpi-dan-internal-audit.md
A87: AUD-007 | B87: Dokumen & Bukti | C87: Audit Events | D87: Read-Only Guard | E87: Memastikan audit events benar-benar read-only dan tidak menyediakan aksi perubahan data. | F87: Authorization | G87: SUPERADMIN/TENANT_ADMIN/ITAM_MANAGER/AUDITOR | H87: High | I87: User dapat membuka modul Audit Events. | J87: 1. Buka Audit Events. 2. Tinjau semua action yang tersedia. 3. Coba cari tombol edit/delete/reprocess. | K87: - Audit Events hanya menyediakan baca/filter/detail. - Tidak ada aksi mutasi terhadap record audit. - Integritas trail tetap terjaga. | M87: Not Started | N87: V | P87: https://raw.githubusercontent.com/MuhamadRamdhani/ITAM/main/docs/diagram-per-modul.md
A88: AUD-008 | B88: Dokumen & Bukti | C88: Audit Events | D88: Tenant Isolation | E88: Memastikan event audit tenant lain tidak muncul pada tenant aktif. | F88: Authorization | G88: Tenant-scoped | H88: High | I88: Siapkan dua tenant dengan aktivitas berbeda. | J88: 1. Login tenant A dan buka Audit Events. 2. Catat event yang muncul. 3. Login tenant B dan bandingkan. | K88: - Tiap tenant hanya melihat audit trail tenant sendiri. - Tidak ada kebocoran actor, payload, atau entity lintas tenant. | M88: Not Started | N88: V | P88: https://raw.githubusercontent.com/MuhamadRamdhani/ITAM/main/docs/matriks-akses-role.md
A89: GOV-001 | B89: Governance & Assurance | C89: Governance | D89: Scope Versions | E89: Memastikan draft scope version dapat dibuat. | F89: Positive | G89: SUPERADMIN/TENANT_ADMIN/ITAM_MANAGER | H89: High | I89: Asset types, departments, dan locations master sudah ada. | J89: 1. Buka Governance Scope. 2. Klik create draft. 3. Isi Version Note, scope selections, environment, dan catatan tambahan. 4. Simpan. | K89: - Draft scope tersimpan. - Status awal berada di DRAFT. - Pilihan scope tersimpan lengkap. | M89: Not Started | N89: V | P89: https://raw.githubusercontent.com/MuhamadRamdhani/ITAM/main/docs/panduan-penggunaan-lengkap.md
... A97: GOV-009 | B97: Governance & Assurance | C97: Governance | D97: Context Register | E97: Memastikan context register dapat diberi kategori, priority, owner, dan status monitoring. | F97: Positive | G97: TENANT_ADMIN/ITAM_MANAGER | H97: Medium | I97: Master identity/owner tersedia. | J97: 1. Buka Context Register. 2. Tambah context baru. 3. Isi kategori, priority, owner identity, dan status. 4. Simpan. | K97: - Entri context tersimpan. - Priority/owner/status dapat dibaca ulang. - Register siap dipakai untuk monitoring. | M97: Not Started | N97: V | P97: https://raw.githubusercontent.com/MuhamadRamdhani/ITAM/main/docs/panduan-penggunaan-lengkap.md
A98: GOV-010 | B98: Governance & Assurance | C98: Governance | D98: Stakeholder Register | E98: Memastikan stakeholder dapat diberi klasifikasi, owner, dan review date untuk tindak lanjut. | F98: Positive | G98: TENANT_ADMIN/ITAM_MANAGER | H98: Medium | I98: Identity owner tersedia. | J98: 1. Buka Stakeholder Register. 2. Buat stakeholder baru. 3. Isi category/priority/owner/review date. 4. Simpan. | K98: - Stakeholder tersimpan dengan atribut monitoring lengkap. - Review date dapat dipakai untuk follow-up. - Register mudah ditelusuri kembali. | M98: Not Started | P98: https://raw.githubusercontent.com/MuhamadRamdhani/ITAM/main/docs/panduan-penggunaan-lengkap.md
A99: GOV-011 | B99: Governance & Assurance | C99: Governance | D99: Search & Filter | E99: Memastikan register governance dapat dicari dan difilter tanpa mencampur jenis data. | F99: Positive | G99: Tenant-scoped | H99: Low | I99: Tersedia beberapa scope/context/stakeholder entries. | J99: 1. Buka salah satu register governance. 2. Gunakan pencarian atau filter status/priority bila tersedia. 3. Buka salah satu hasil. | K99: - Hasil pencarian relevan. - Entri mudah ditemukan kembali untuk review. - Data antar register tidak tertukar. | M99: Not Started | P99: https://raw.githubusercontent.com/MuhamadRamdhani/ITAM/main/docs/generate-itam-test-scenarios.ps1
A100: GOV-012 | B100: Governance & Assurance | C100: Governance | D100: Tenant Isolation | E100: Memastikan scope/context/stakeholder hanya terlihat di tenant yang tepat. | F100: Authorization | G100: Tenant-scoped | H100: High | I100: Siapkan dua tenant dengan data governance masing-masing. | J100: 1. Login tenant A dan lihat data governance. 2. Login tenant B. 3. Coba akses ID data governance tenant A. | K100: - Tenant hanya melihat data governance miliknya. - Akses detail tenant lain ditolak. - Tidak ada kebocoran scope aktif lintas tenant. | M100: Not Started | P100: https://raw.githubusercontent.com/MuhamadRamdhani/ITAM/main/docs/matriks-akses-role.md
A101: VEND-001 | B101: Komersial & Lisensi | C101: Vendors | D101: Vendor List | E101: Memastikan vendor dapat dicari berdasarkan code/name/type/contact. | F101: Positive | G101: Read roles vendor | H101: High | I101: Beberapa vendor tersedia. | J101: 1. Buka Vendors. 2. Cari vendor berdasarkan code atau name. 3. Uji filter status dan vendor type. | K101: - List vendor menyesuaikan filter. - Status ACTIVE/INACTIVE terbaca. - Tidak ada data tenant lain yang tampil. | M101: Not Started | P101: https://raw.githubusercontent.com/MuhamadRamdhani/ITAM/main/docs/panduan-penggunaan-lengkap.md
A102: VEND-002 | B102: Komersial & Lisensi | C102: Vendors | D102: Create Vendor | E102: Memastikan vendor baru dapat dibuat. | F102: Positive | G102: SUPERADMIN/TENANT_ADMIN/ITAM_MANAGER/PROCUREMENT_CONTRACT_MANAGER | H102: High | I102: Role write tersedia. | J102: 1. Buka Vendors. 2. Klik create vendor. 3. Isi Vendor Code, Vendor Name, contact info, type, status, notes. 4. Simpan. | K102: - Vendor baru tersimpan. - Vendor muncul di list. - Vendor aktif dapat dipilih pada modul lain. | M102: Not Started | P102: https://raw.githubusercontent.com/MuhamadRamdhani/ITAM/main/docs/panduan-penggunaan-lengkap.md
A103: VEND-003 | B103: Komersial & Lisensi | C103: Vendors | D103: Vendor Reuse | E103: Memastikan vendor aktif dapat digunakan oleh Contracts dan Software Products. | F103: Integration | G103: Write roles vendor/contract/software | H103: Medium | I103: Vendor ACTIVE tersedia. | J103: 1. Buat atau pilih vendor ACTIVE. 2. Buka create contract dan periksa dropdown vendor. 3. Buka create software product dan periksa publisher vendor. | K103: - Vendor ACTIVE muncul pada dropdown terkait. - Vendor INACTIVE tidak dipilih bila memang dibatasi. | M103: Not Started | P103: https://raw.githubusercontent.com/MuhamadRamdhani/ITAM/main/docs/alur-end-to-end-login-sampai-kpi-dan-internal-audit.md
A104: VEND-004 | B104: Komersial & Lisensi | C104: Vendors | D104: Create Vendor | E104: Memastikan vendor baru dapat dibuat dengan vendor code unik per tenant. | F104: Positive | G104: TENANT_ADMIN/ITAM_MANAGER/PROCUREMENT_CONTRACT_MANAGER | H104: High | I104: Role write tersedia. | J104: 1. Buka Vendors. 2. Klik New Vendor. 3. Isi vendor code, vendor name, vendor type, status, dan contact info. 4. Simpan. | K104: - Vendor baru tersimpan. - Vendor muncul di list. - Vendor siap dipakai saat create contract. | M104: Not Started | P104: https://raw.githubusercontent.com/MuhamadRamdhani/ITAM/main/docs/panduan-penggunaan-lengkap.md
A105: VEND-005 | B105: Komersial & Lisensi | C105: Vendors | D105: Unique Code Guard | E105: Memastikan vendor code yang sama tidak dapat dipakai dua kali dalam tenant yang sama. | F105: Negative | G105: TENANT_ADMIN/ITAM_MANAGER/PROCUREMENT_CONTRACT_MANAGER | H105: High | I105: Sudah ada vendor dengan vendor code tertentu. | J105: 1. Buka create vendor. 2. Masukkan vendor code yang sudah dipakai. 3. Simpan. | K105: - Simpan gagal. - Pesan duplicate/unique tampil. - Tidak ada vendor ganda dengan code sama di tenant yang sama. | M105: Not Started | P105: https://raw.githubusercontent.com/MuhamadRamdhani/ITAM/main/docs/generate-itam-test-scenarios.ps1
A106: VEND-006 | B106: Komersial & Lisensi | C106: Vendors | D106: Edit Vendor | E106: Memastikan data vendor dapat diperbarui tanpa mengubah identitas logis yang tidak semestinya. | F106: Positive | G106: TENANT_ADMIN/ITAM_MANAGER/PROCUREMENT_CONTRACT_MANAGER | H106: Medium | I106: Vendor sudah ada. | J106: 1. Buka detail/edit vendor. 2. Ubah nama, status, atau contact info. 3. Simpan perubahan. | K106: - Perubahan tersimpan. - Vendor tetap dapat direferensikan oleh contract yang sudah ada. - Riwayat pemakaian vendor tidak rusak. | M106: Not Started | P106: https://raw.githubusercontent.com/MuhamadRamdhani/ITAM/main/docs/diagram-per-modul.md
A107: VEND-007 | B107: Komersial & Lisensi | C107: Vendors | D107: Filter & Search | E107: Memastikan vendor dapat dicari berdasarkan code/name dan difilter berdasarkan type/status. | F107: Positive | G107: Tenant-scoped | H107: Medium | I107: Tersedia beberapa vendor dengan type/status berbeda. | J107: 1. Buka Vendors. 2. Cari vendor berdasarkan code atau nama. 3. Tambahkan filter type/status. 4. Buka salah satu vendor. | K107: - List vendor sesuai filter. - Vendor target mudah ditemukan. - Search tidak menampilkan data tenant lain. | M107: Not Started | P107: https://raw.githubusercontent.com/MuhamadRamdhani/ITAM/main/docs/panduan-penggunaan-lengkap.md
A108: VEND-008 | B108: Komersial & Lisensi | C108: Vendors | D108: Inactive Vendor Reuse | E108: Memastikan vendor INACTIVE tidak dapat dipilih untuk contract baru bila aturan aplikasi membatasi reuse. | F108: Integration | G108: TENANT_ADMIN/ITAM_MANAGER/PROCUREMENT_CONTRACT_MANAGER | H108: Medium | I108: Tersedia vendor status INACTIVE. | J108: 1. Ubah satu vendor menjadi INACTIVE. 2. Buka create contract. 3. Coba pilih vendor inactive tersebut. | K108: - Vendor inactive dibatasi atau ditandai dengan jelas. - User tidak salah memilih vendor yang tidak aktif. - Bila masih boleh dipilih, status inactive tetap terlihat jelas. | M108: Not Started | P108: https://raw.githubusercontent.com/MuhamadRamdhani/ITAM/main/docs/diagram-per-modul.md
A109: VEND-009 | B109: Komersial & Lisensi | C109: Vendors | D109: Role Guard | E109: Memastikan role read-only tidak dapat create/edit vendor. | F109: Authorization | G109: AUDITOR | H109: Medium | I109: Login sebagai role baca. | J109: 1. Buka Vendors. 2. Coba klik create/edit. 3. Coba akses route edit langsung bila perlu. | K109: - Aksi write tidak tersedia atau ditolak. - Vendor tetap hanya bisa dibaca. | M109: Not Started | P109: https://raw.githubusercontent.com/MuhamadRamdhani/ITAM/main/docs/matriks-akses-role.md
... A211: SAT-010 | B211: Admin & Platform | C211: Superadmin Tenants | D211: Platform Isolation | E211: Memastikan halaman platform tenant tidak dapat diakses dari konteks tenant admin biasa. | F211: Authorization | G211: TENANT_ADMIN/ITAM_MANAGER | H211: High | I211: Login sebagai non-superadmin. | J211: 1. Coba buka route Superadmin Tenants secara langsung. 2. Coba akses detail tenant platform. | K211: - Akses ditolak untuk non-superadmin. - Halaman platform tetap eksklusif untuk SUPERADMIN. | M211: Not Started | P211: https://raw.githubusercontent.com/MuhamadRamdhani/ITAM/main/docs/matriks-akses-role.md
A212: CAPA-001 | B212: Governance & Assurance | C212: CAPA | D212: CAPA List / Summary | E212: Memastikan halaman CAPA menampilkan ringkasan total, open, overdue, dan closed. | F212: Positive | G212: SUPERADMIN/TENANT_ADMIN/ITAM_MANAGER/SECURITY_OFFICER/AUDITOR | H212: High | I212: Login dengan role yang punya hak view CAPA. | J212: 1. Buka route `/capa`. 2. Tunggu halaman selesai loading. 3. Periksa kartu ringkasan dan tabel list. | K212: - Halaman CAPA terbuka. - Summary cards total/open/overdue/closed tampil. - Tabel list CAPA terisi sesuai data tenant. | L212: Minimal 3 CAPA dengan status berbeda. | M212: Not Started | P212: https://raw.githubusercontent.com/MuhamadRamdhani/ITAM/main/apps/web/app/capa/CapaClient.tsx
A213: CAPA-002 | B213: Governance & Assurance | C213: CAPA | D213: Search CAPA | E213: Memastikan search CAPA bekerja untuk capa_code, title, source label, atau nonconformity summary. | F213: Positive | G213: Role dengan hak view CAPA | H213: High | I213: Tersedia data CAPA dengan kata kunci unik. | J213: 1. Buka `/capa`. 2. Ketik kata kunci pada kolom Search CAPA. 3. Tekan Enter atau klik Apply. | K213: - Hasil list menyempit sesuai kata kunci. - Data yang tidak relevan tidak tampil. | L213: Contoh kata kunci: kode CAPA, title, source_label. | M213: Not Started | P213: https://raw.githubusercontent.com/MuhamadRamdhani/ITAM/main/apps/api/src/modules/capa/capa.repo.js
A214: CAPA-003 | B214: Governance & Assurance | C214: CAPA | D214: Filter Status | E214: Memastikan filter status dapat memfilter OPEN, ROOT_CAUSE, CORRECTIVE_ACTION, PREVENTIVE_ACTION, VERIFICATION, CLOSED, dan CANCELLED. | F214: Positive | G214: Role dengan hak view CAPA | H214: High | I214: Tersedia data CAPA lintas status. | J214: 1. Buka `/capa`. 2. Pilih salah satu nilai Status. 3. Klik Apply. | K214: - List hanya menampilkan CAPA dengan status yang dipilih. - Reset Filters mengembalikan semua data. | L214: Gunakan status OPEN dan CLOSED sebagai sampel utama. | M214: Not Started | P214: https://raw.githubusercontent.com/MuhamadRamdhani/ITAM/main/apps/web/app/capa/CapaClient.tsx
A215: CAPA-004 | B215: Governance & Assurance | C215: CAPA | D215: Filter Source Type | E215: Memastikan filter source type bekerja untuk INTERNAL_AUDIT_FINDING, MANAGEMENT_REVIEW_ACTION_ITEM, dan OTHER. | F215: Positive | G215: Role dengan hak view CAPA | H215: Medium | I215: Tersedia data CAPA dengan source_type berbeda. | J215: 1. Buka `/capa`. 2. Pilih Source Type. 3. Klik Apply. | K215: - List hanya menampilkan source_type yang dipilih. - Kolom source menampilkan source_label atau source_type. | L215: Sediakan 1 data per source_type. | M215: Not Started | P215: https://raw.githubusercontent.com/MuhamadRamdhani/ITAM/main/apps/web/app/capa/CapaClient.tsx
A216: CAPA-005 | B216: Governance & Assurance | C216: CAPA | D216: Filter Severity | E216: Memastikan filter severity bekerja untuk LOW, MEDIUM, HIGH, dan CRITICAL. | F216: Positive | G216: Role dengan hak view CAPA | H216: Medium | I216: Tersedia data CAPA dengan severity berbeda. | J216: 1. Buka `/capa`. 2. Pilih Severity. 3. Klik Apply. | K216: - List hanya menampilkan severity yang dipilih. - Badge severity sesuai nilai data. | L216: Sediakan 1 data HIGH dan 1 data CRITICAL. | M216: Not Started | P216: https://raw.githubusercontent.com/MuhamadRamdhani/ITAM/main/apps/web/app/capa/CapaClient.tsx
A217: CAPA-006 | B217: Governance & Assurance | C217: CAPA | D217: Pagination | E217: Memastikan pagination list CAPA bekerja dengan page size 10. | F217: Positive | G217: Role dengan hak view CAPA | H217: Medium | I217: Minimal ada 11 data CAPA pada tenant yang sama. | J217: 1. Buka `/capa`. 2. Klik Next. 3. Klik Previous kembali. | K217: - Halaman berpindah dengan benar. - Nomor page berubah. - Data tidak duplikat antar halaman. | L217: Siapkan >10 data CAPA. | M217: Not Started | P217: https://raw.githubusercontent.com/MuhamadRamdhani/ITAM/main/apps/web/app/capa/CapaClient.tsx
A218: CAPA-007 | B218: Governance & Assurance | C218: CAPA | D218: Empty State | E218: Memastikan halaman CAPA menampilkan empty state saat filter tidak menemukan data. | F218: Negative | G218: Role dengan hak view CAPA | H218: Low | I218: Tidak ada data yang cocok dengan filter yang dipakai. | J218: 1. Cari keyword yang pasti tidak ada. 2. Klik Apply. | K218: - Halaman tidak error. - Muncul pesan `No CAPA cases matched the current filters.` | L218: Kata kunci acak unik. | M218: Not Started | P218: https://raw.githubusercontent.com/MuhamadRamdhani/ITAM/main/apps/web/app/capa/CapaClient.tsx
A219: CAPA-008 | B219: Governance & Assurance | C219: CAPA | D219: Create CAPA - Manual | E219: Memastikan CAPA baru dapat dibuat manual dengan source_type OTHER. | F219: Positive | G219: SUPERADMIN/TENANT_ADMIN/ITAM_MANAGER/SECURITY_OFFICER | H219: High | I219: Login sebagai role manage CAPA. | J219: 1. Buka `/capa`. 2. Isi capa_code, title, source_type=OTHER, severity, due_date, nonconformity_summary. 3. Klik Create CAPA. | K219: - CAPA baru tersimpan dengan status OPEN. - Sistem menampilkan pesan sukses. - User diarahkan ke detail CAPA. | L219: Contoh: CAPA-2026-001, severity=HIGH. | M219: Not Started | P219: https://raw.githubusercontent.com/MuhamadRamdhani/ITAM/main/apps/api/src/modules/capa/capa.service.js
A220: CAPA-009 | B220: Governance & Assurance | C220: CAPA | D220: Create CAPA - Audit Finding | E220: Memastikan CAPA dapat dibuat dari referensi internal audit finding secara manual melalui source_type, source_id, dan source_label. | F220: Positive | G220: SUPERADMIN/TENANT_ADMIN/ITAM_MANAGER/SECURITY_OFFICER | H220: High | I220: Tersedia finding internal audit yang ingin ditindaklanjuti. | J220: 1. Buka `/capa`. 2. Isi source_type=INTERNAL_AUDIT_FINDING. 3. Isi source_id dan source_label. 4. Simpan CAPA. | K220: - CAPA tersimpan. - Detail/source menampilkan source_label atau source_type. - Relasi yang terbentuk bersifat referensi data source. | L220: Contoh source_id finding yang valid secara bisnis. | M220: Not Started | P220: https://raw.githubusercontent.com/MuhamadRamdhani/ITAM/main/apps/api/src/modules/capa/capa.schemas.js
A221: CAPA-010 | B221: Governance & Assurance | C221: CAPA | D221: Create CAPA - Management Review | E221: Memastikan CAPA dapat dibuat dari action item management review melalui source_type MANAGEMENT_REVIEW_ACTION_ITEM. | F221: Positive | G221: SUPERADMIN/TENANT_ADMIN/ITAM_MANAGER/SECURITY_OFFICER | H221: High | I221: Tersedia management review action item yang ingin ditindaklanjuti. | J221: 1. Buka `/capa`. 2. Isi source_type=MANAGEMENT_REVIEW_ACTION_ITEM. 3. Isi source_id dan source_label. 4. Simpan CAPA. | K221: - CAPA tersimpan dengan referensi source management review. - Source tampil di list dan detail. | L221: Contoh source_id action item management review. | M221: Not Started | P221: https://raw.githubusercontent.com/MuhamadRamdhani/ITAM/main/apps/api/src/modules/capa/capa.schemas.js
A222: CAPA-011 | B222: Governance & Assurance | C222: CAPA | D222: Duplicate CAPA Code | E222: Memastikan capa_code harus unik per tenant. | F222: Negative | G222: SUPERADMIN/TENANT_ADMIN/ITAM_MANAGER/SECURITY_OFFICER | H222: High | I222: Sudah ada CAPA dengan capa_code tertentu pada tenant yang sama. | J222: 1. Buat CAPA baru menggunakan capa_code yang sama. 2. Klik Create CAPA. | K222: - Backend menolak dengan konflik. - Tidak ada CAPA duplikat yang tersimpan. | L222: Gunakan capa_code yang sama dua kali. | M222: Not Started | P222: https://raw.githubusercontent.com/MuhamadRamdhani/ITAM/main/docs/capa-ddl.sql
A223: CAPA-012 | B223: Governance & Assurance | C223: CAPA | D223: Owner Identity Validation | E223: Memastikan owner_identity_id hanya boleh menunjuk identity milik tenant yang sama. | F223: Negative | G223: SUPERADMIN/TENANT_ADMIN/ITAM_MANAGER/SECURITY_OFFICER | H223: High | I223: Ada identity id invalid atau milik tenant lain. | J223: 1. Buat/ubah CAPA. 2. Isi owner_identity_id yang tidak valid. 3. Simpan. | K223: - Backend menolak data. - CAPA tidak tersimpan / tidak berubah. | L223: Gunakan identity id yang tidak ada. | M223: Not Started | P223: https://raw.githubusercontent.com/MuhamadRamdhani/ITAM/main/apps/api/src/modules/capa/capa.service.js
... A241: CAPA-030 | B241: Governance & Assurance | C241: CAPA | D241: Cancel Closed CAPA Blocked | E241: Memastikan CAPA yang sudah CLOSED tidak dapat dibatalkan. | F241: Negative | G241: SUPERADMIN/TENANT_ADMIN/ITAM_MANAGER/SECURITY_OFFICER | H241: Medium | I241: Ada CAPA status CLOSED. | J241: 1. Akses endpoint cancel untuk CAPA CLOSED atau uji dari UI bila tombol masih ada. | K241: - Backend menolak dengan CAPA_READ_ONLY. - Status tetap CLOSED. | L241: Gunakan CAPA yang sudah ditutup. | M241: Not Started | P241: https://raw.githubusercontent.com/MuhamadRamdhani/ITAM/main/apps/api/src/modules/capa/capa.service.js
A242: CAPA-031 | B242: Governance & Assurance | C242: CAPA | D242: Auditor Read-Only Access | E242: Memastikan AUDITOR hanya dapat melihat list/detail tetapi tidak boleh create, update, atau menjalankan stage action. | F242: Authorization | G242: AUDITOR | H242: High | I242: Login sebagai AUDITOR. | J242: 1. Buka `/capa` dan detail salah satu CAPA. 2. Coba create CAPA. 3. Coba update basic details. 4. Coba simpan root cause/corrective/preventive/verification/close/cancel. | K242: - List dan detail bisa dibaca. - Semua aksi manage/follow-up ditolak backend. - Tidak ada perubahan data. | L242: Gunakan akun AUDITOR aktif. | M242: Not Started | O242: Perlu perhatian UX: form create dan kontrol detail tampak bergantung pada status, bukan role, sehingga perlu dicek apakah frontend sudah menyembunyikan aksi untuk role read-only. | P242: https://raw.githubusercontent.com/MuhamadRamdhani/ITAM/main/apps/api/src/modules/capa/capa.constants.js
...

Sheet Ringkasan
A1: Ringkasan Coverage Testing
A2: Gunakan sheet ini untuk melihat jumlah skenario per modul, prioritas, dan status eksekusi.
A4: Modul | B4: Area | C4: Total | D4: High | E4: Medium | F4: Low | G4: Pass | H4: Fail | I4: Blocked | J4: Not Started | L4: Ringkasan Alur per Role
A5: Auth and Dashboard | B5: Fondasi | C5: =COUNTIF(Semua_Skenario!$C:$C,A5) -> 17 | D5: =COUNTIFS(Semua_Skenario!$C:$C,A5,Semua_Skenario!$H:$H,"High") -> 14 | E5: =COUNTIFS(Semua_Skenario!$C:$C,A5,Semua_Skenario!$H:$H,"Medium") -> 3 | F5: =COUNTIFS(Semua_Skenario!$C:$C,A5,Semua_Skenario!$H:$H,"Low") -> 0 | G5: =COUNTIFS(Semua_Skenario!$C:$C,A5,Semua_Skenario!$M:$M,"Pass") -> 0 | H5: =COUNTIFS(Semua_Skenario!$C:$C,A5,Semua_Skenario!$M:$M,"Fail") -> 0 | I5: =COUNTIFS(Semua_Skenario!$C:$C,A5,Semua_Skenario!$M:$M,"Blocked") -> 0 | J5: =COUNTIFS(Semua_Skenario!$C:$C,A5,Semua_Skenario!$M:$M,"Not Started") -> 17 | L5: Role | M5: Total Alur | N5: High | O5: Not Started | P5: Pass
A6: Assets | B6: Core ITAM | C6: =COUNTIF(Semua_Skenario!$C:$C,A6) -> 25 | D6: =COUNTIFS(Semua_Skenario!$C:$C,A6,Semua_Skenario!$H:$H,"High") -> 15 | E6: =COUNTIFS(Semua_Skenario!$C:$C,A6,Semua_Skenario!$H:$H,"Medium") -> 10 | F6: =COUNTIFS(Semua_Skenario!$C:$C,A6,Semua_Skenario!$H:$H,"Low") -> 0 | G6: =COUNTIFS(Semua_Skenario!$C:$C,A6,Semua_Skenario!$M:$M,"Pass") -> 0 | H6: =COUNTIFS(Semua_Skenario!$C:$C,A6,Semua_Skenario!$M:$M,"Fail") -> 0 | I6: =COUNTIFS(Semua_Skenario!$C:$C,A6,Semua_Skenario!$M:$M,"Blocked") -> 0 | J6: =COUNTIFS(Semua_Skenario!$C:$C,A6,Semua_Skenario!$M:$M,"Not Started") -> 25 | L6: Public | M6: =COUNTIF(Alur_Per_Role!$B:$B,L6) -> 3 | N6: =COUNTIFS(Alur_Per_Role!$B:$B,L6,Alur_Per_Role!$L:$L,"High") -> 3 | O6: =COUNTIFS(Alur_Per_Role!$B:$B,L6,Alur_Per_Role!$M:$M,"Not Started") -> 3 | P6: =COUNTIFS(Alur_Per_Role!$B:$B,L6,Alur_Per_Role!$M:$M,"Pass") -> 0
A7: Approvals | B7: Core ITAM | C7: =COUNTIF(Semua_Skenario!$C:$C,A7) -> 12 | D7: =COUNTIFS(Semua_Skenario!$C:$C,A7,Semua_Skenario!$H:$H,"High") -> 8 | E7: =COUNTIFS(Semua_Skenario!$C:$C,A7,Semua_Skenario!$H:$H,"Medium") -> 4 | F7: =COUNTIFS(Semua_Skenario!$C:$C,A7,Semua_Skenario!$H:$H,"Low") -> 0 | G7: =COUNTIFS(Semua_Skenario!$C:$C,A7,Semua_Skenario!$M:$M,"Pass") -> 0 | H7: =COUNTIFS(Semua_Skenario!$C:$C,A7,Semua_Skenario!$M:$M,"Fail") -> 0 | I7: =COUNTIFS(Semua_Skenario!$C:$C,A7,Semua_Skenario!$M:$M,"Blocked") -> 0 | J7: =COUNTIFS(Semua_Skenario!$C:$C,A7,Semua_Skenario!$M:$M,"Not Started") -> 12 | L7: Semua role login | M7: =COUNTIF(Alur_Per_Role!$B:$B,L7) -> 2 | N7: =COUNTIFS(Alur_Per_Role!$B:$B,L7,Alur_Per_Role!$L:$L,"High") -> 2 | O7: =COUNTIFS(Alur_Per_Role!$B:$B,L7,Alur_Per_Role!$M:$M,"Not Started") -> 2 | P7: =COUNTIFS(Alur_Per_Role!$B:$B,L7,Alur_Per_Role!$M:$M,"Pass") -> 0
A8: Documents | B8: Dokumen & Bukti | C8: =COUNTIF(Semua_Skenario!$C:$C,A8) -> 12 | D8: =COUNTIFS(Semua_Skenario!$C:$C,A8,Semua_Skenario!$H:$H,"High") -> 8 | E8: =COUNTIFS(Semua_Skenario!$C:$C,A8,Semua_Skenario!$H:$H,"Medium") -> 4 | F8: =COUNTIFS(Semua_Skenario!$C:$C,A8,Semua_Skenario!$H:$H,"Low") -> 0 | G8: =COUNTIFS(Semua_Skenario!$C:$C,A8,Semua_Skenario!$M:$M,"Pass") -> 0 | H8: =COUNTIFS(Semua_Skenario!$C:$C,A8,Semua_Skenario!$M:$M,"Fail") -> 0 | I8: =COUNTIFS(Semua_Skenario!$C:$C,A8,Semua_Skenario!$M:$M,"Blocked") -> 0 | J8: =COUNTIFS(Semua_Skenario!$C:$C,A8,Semua_Skenario!$M:$M,"Not Started") -> 12 | L8: SUPERADMIN | M8: =COUNTIF(Alur_Per_Role!$B:$B,L8) -> 4 | N8: =COUNTIFS(Alur_Per_Role!$B:$B,L8,Alur_Per_Role!$L:$L,"High") -> 4 | O8: =COUNTIFS(Alur_Per_Role!$B:$B,L8,Alur_Per_Role!$M:$M,"Not Started") -> 4 | P8: =COUNTIFS(Alur_Per_Role!$B:$B,L8,Alur_Per_Role!$M:$M,"Pass") -> 0
A9: Evidence | B9: Dokumen & Bukti | C9: =COUNTIF(Semua_Skenario!$C:$C,A9) -> 10 | D9: =COUNTIFS(Semua_Skenario!$C:$C,A9,Semua_Skenario!$H:$H,"High") -> 4 | E9: =COUNTIFS(Semua_Skenario!$C:$C,A9,Semua_Skenario!$H:$H,"Medium") -> 5 | F9: =COUNTIFS(Semua_Skenario!$C:$C,A9,Semua_Skenario!$H:$H,"Low") -> 1 | G9: =COUNTIFS(Semua_Skenario!$C:$C,A9,Semua_Skenario!$M:$M,"Pass") -> 0 | H9: =COUNTIFS(Semua_Skenario!$C:$C,A9,Semua_Skenario!$M:$M,"Fail") -> 0 | I9: =COUNTIFS(Semua_Skenario!$C:$C,A9,Semua_Skenario!$M:$M,"Blocked") -> 0 | J9: =COUNTIFS(Semua_Skenario!$C:$C,A9,Semua_Skenario!$M:$M,"Not Started") -> 10 | L9: TENANT_ADMIN | M9: =COUNTIF(Alur_Per_Role!$B:$B,L9) -> 24 | N9: =COUNTIFS(Alur_Per_Role!$B:$B,L9,Alur_Per_Role!$L:$L,"High") -> 23 | O9: =COUNTIFS(Alur_Per_Role!$B:$B,L9,Alur_Per_Role!$M:$M,"Not Started") -> 24 | P9: =COUNTIFS(Alur_Per_Role!$B:$B,L9,Alur_Per_Role!$M:$M,"Pass") -> 0
A10: Audit Events | B10: Dokumen & Bukti | C10: =COUNTIF(Semua_Skenario!$C:$C,A10) -> 8 | D10: =COUNTIFS(Semua_Skenario!$C:$C,A10,Semua_Skenario!$H:$H,"High") -> 4 | E10: =COUNTIFS(Semua_Skenario!$C:$C,A10,Semua_Skenario!$H:$H,"Medium") -> 4 | F10: =COUNTIFS(Semua_Skenario!$C:$C,A10,Semua_Skenario!$H:$H,"Low") -> 0 | G10: =COUNTIFS(Semua_Skenario!$C:$C,A10,Semua_Skenario!$M:$M,"Pass") -> 0 | H10: =COUNTIFS(Semua_Skenario!$C:$C,A10,Semua_Skenario!$M:$M,"Fail") -> 0 | I10: =COUNTIFS(Semua_Skenario!$C:$C,A10,Semua_Skenario!$M:$M,"Blocked") -> 0 | J10: =COUNTIFS(Semua_Skenario!$C:$C,A10,Semua_Skenario!$M:$M,"Not Started") -> 8 | L10: ITAM_MANAGER | M10: =COUNTIF(Alur_Per_Role!$B:$B,L10) -> 22 | N10: =COUNTIFS(Alur_Per_Role!$B:$B,L10,Alur_Per_Role!$L:$L,"High") -> 11 | O10: =COUNTIFS(Alur_Per_Role!$B:$B,L10,Alur_Per_Role!$M:$M,"Not Started") -> 22 | P10: =COUNTIFS(Alur_Per_Role!$B:$B,L10,Alur_Per_Role!$M:$M,"Pass") -> 0
A11: Governance | B11: Governance & Assurance | C11: =COUNTIF(Semua_Skenario!$C:$C,A11) -> 12 | D11: =COUNTIFS(Semua_Skenario!$C:$C,A11,Semua_Skenario!$H:$H,"High") -> 6 | E11: =COUNTIFS(Semua_Skenario!$C:$C,A11,Semua_Skenario!$H:$H,"Medium") -> 4 | F11: =COUNTIFS(Semua_Skenario!$C:$C,A11,Semua_Skenario!$H:$H,"Low") -> 2 | G11: =COUNTIFS(Semua_Skenario!$C:$C,A11,Semua_Skenario!$M:$M,"Pass") -> 0 | H11: =COUNTIFS(Semua_Skenario!$C:$C,A11,Semua_Skenario!$M:$M,"Fail") -> 0 | I11: =COUNTIFS(Semua_Skenario!$C:$C,A11,Semua_Skenario!$M:$M,"Blocked") -> 0 | J11: =COUNTIFS(Semua_Skenario!$C:$C,A11,Semua_Skenario!$M:$M,"Not Started") -> 12 | L11: PROCUREMENT_CONTRACT_MANAGER | M11: =COUNTIF(Alur_Per_Role!$B:$B,L11) -> 8 | N11: =COUNTIFS(Alur_Per_Role!$B:$B,L11,Alur_Per_Role!$L:$L,"High") -> 8 | O11: =COUNTIFS(Alur_Per_Role!$B:$B,L11,Alur_Per_Role!$M:$M,"Not Started") -> 8 | P11: =COUNTIFS(Alur_Per_Role!$B:$B,L11,Alur_Per_Role!$M:$M,"Pass") -> 0
A12: Vendors | B12: Komersial & Lisensi | C12: =COUNTIF(Semua_Skenario!$C:$C,A12) -> 10 | D12: =COUNTIFS(Semua_Skenario!$C:$C,A12,Semua_Skenario!$H:$H,"High") -> 5 | E12: =COUNTIFS(Semua_Skenario!$C:$C,A12,Semua_Skenario!$H:$H,"Medium") -> 5 | F12: =COUNTIFS(Semua_Skenario!$C:$C,A12,Semua_Skenario!$H:$H,"Low") -> 0 | G12: =COUNTIFS(Semua_Skenario!$C:$C,A12,Semua_Skenario!$M:$M,"Pass") -> 0 | H12: =COUNTIFS(Semua_Skenario!$C:$C,A12,Semua_Skenario!$M:$M,"Fail") -> 0 | I12: =COUNTIFS(Semua_Skenario!$C:$C,A12,Semua_Skenario!$M:$M,"Blocked") -> 0 | J12: =COUNTIFS(Semua_Skenario!$C:$C,A12,Semua_Skenario!$M:$M,"Not Started") -> 10 | L12: ASSET_CUSTODIAN | M12: =COUNTIF(Alur_Per_Role!$B:$B,L12) -> 6 | N12: =COUNTIFS(Alur_Per_Role!$B:$B,L12,Alur_Per_Role!$L:$L,"High") -> 3 | O12: =COUNTIFS(Alur_Per_Role!$B:$B,L12,Alur_Per_Role!$M:$M,"Not Started") -> 6 | P12: =COUNTIFS(Alur_Per_Role!$B:$B,L12,Alur_Per_Role!$M:$M,"Pass") -> 0
A13: Contracts | B13: Komersial & Lisensi | C13: =COUNTIF(Semua_Skenario!$C:$C,A13) -> 12 | D13: =COUNTIFS(Semua_Skenario!$C:$C,A13,Semua_Skenario!$H:$H,"High") -> 5 | E13: =COUNTIFS(Semua_Skenario!$C:$C,A13,Semua_Skenario!$H:$H,"Medium") -> 7 | F13: =COUNTIFS(Semua_Skenario!$C:$C,A13,Semua_Skenario!$H:$H,"Low") -> 0 | G13: =COUNTIFS(Semua_Skenario!$C:$C,A13,Semua_Skenario!$M:$M,"Pass") -> 0 | H13: =COUNTIFS(Semua_Skenario!$C:$C,A13,Semua_Skenario!$M:$M,"Fail") -> 0 | I13: =COUNTIFS(Semua_Skenario!$C:$C,A13,Semua_Skenario!$M:$M,"Blocked") -> 0 | J13: =COUNTIFS(Semua_Skenario!$C:$C,A13,Semua_Skenario!$M:$M,"Not Started") -> 12 | L13: AUDITOR | M13: =COUNTIF(Alur_Per_Role!$B:$B,L13) -> 7 | N13: =COUNTIFS(Alur_Per_Role!$B:$B,L13,Alur_Per_Role!$L:$L,"High") -> 3 | O13: =COUNTIFS(Alur_Per_Role!$B:$B,L13,Alur_Per_Role!$M:$M,"Not Started") -> 7 | P13: =COUNTIFS(Alur_Per_Role!$B:$B,L13,Alur_Per_Role!$M:$M,"Pass") -> 0
A14: Software Products | B14: Komersial & Lisensi | C14: =COUNTIF(Semua_Skenario!$C:$C,A14) -> 12 | D14: =COUNTIFS(Semua_Skenario!$C:$C,A14,Semua_Skenario!$H:$H,"High") -> 7 | E14: =COUNTIFS(Semua_Skenario!$C:$C,A14,Semua_Skenario!$H:$H,"Medium") -> 5 | F14: =COUNTIFS(Semua_Skenario!$C:$C,A14,Semua_Skenario!$H:$H,"Low") -> 0 | G14: =COUNTIFS(Semua_Skenario!$C:$C,A14,Semua_Skenario!$M:$M,"Pass") -> 0 | H14: =COUNTIFS(Semua_Skenario!$C:$C,A14,Semua_Skenario!$M:$M,"Fail") -> 0 | I14: =COUNTIFS(Semua_Skenario!$C:$C,A14,Semua_Skenario!$M:$M,"Blocked") -> 0 | J14: =COUNTIFS(Semua_Skenario!$C:$C,A14,Semua_Skenario!$M:$M,"Not Started") -> 12 | L14: SECURITY_OFFICER | M14: =COUNTIF(Alur_Per_Role!$B:$B,L14) -> 1 | N14: =COUNTIFS(Alur_Per_Role!$B:$B,L14,Alur_Per_Role!$L:$L,"High") -> 0 | O14: =COUNTIFS(Alur_Per_Role!$B:$B,L14,Alur_Per_Role!$M:$M,"Not Started") -> 1 | P14: =COUNTIFS(Alur_Per_Role!$B:$B,L14,Alur_Per_Role!$M:$M,"Pass") -> 0
A15: Asset Transfer Requests | B15: Komersial & Lisensi | C15: =COUNTIF(Semua_Skenario!$C:$C,A15) -> 10 | D15: =COUNTIFS(Semua_Skenario!$C:$C,A15,Semua_Skenario!$H:$H,"High") -> 7 | E15: =COUNTIFS(Semua_Skenario!$C:$C,A15,Semua_Skenario!$H:$H,"Medium") -> 3 | F15: =COUNTIFS(Semua_Skenario!$C:$C,A15,Semua_Skenario!$H:$H,"Low") -> 0 | G15: =COUNTIFS(Semua_Skenario!$C:$C,A15,Semua_Skenario!$M:$M,"Pass") -> 0 | H15: =COUNTIFS(Semua_Skenario!$C:$C,A15,Semua_Skenario!$M:$M,"Fail") -> 0 | I15: =COUNTIFS(Semua_Skenario!$C:$C,A15,Semua_Skenario!$M:$M,"Blocked") -> 0 | J15: =COUNTIFS(Semua_Skenario!$C:$C,A15,Semua_Skenario!$M:$M,"Not Started") -> 10 | L15: SERVICE_DESK_OPERATOR | M15: =COUNTIF(Alur_Per_Role!$B:$B,L15) -> 0 | N15: =COUNTIFS(Alur_Per_Role!$B:$B,L15,Alur_Per_Role!$L:$L,"High") -> 0 | O15: =COUNTIFS(Alur_Per_Role!$B:$B,L15,Alur_Per_Role!$M:$M,"Not Started") -> 0 | P15: =COUNTIFS(Alur_Per_Role!$B:$B,L15,Alur_Per_Role!$M:$M,"Pass") -> 0
A16: KPI Library and Scorecard | B16: Governance & Assurance | C16: =COUNTIF(Semua_Skenario!$C:$C,A16) -> 12 | D16: =COUNTIFS(Semua_Skenario!$C:$C,A16,Semua_Skenario!$H:$H,"High") -> 5 | E16: =COUNTIFS(Semua_Skenario!$C:$C,A16,Semua_Skenario!$H:$H,"Medium") -> 7 | F16: =COUNTIFS(Semua_Skenario!$C:$C,A16,Semua_Skenario!$H:$H,"Low") -> 0 | G16: =COUNTIFS(Semua_Skenario!$C:$C,A16,Semua_Skenario!$M:$M,"Pass") -> 0 | H16: =COUNTIFS(Semua_Skenario!$C:$C,A16,Semua_Skenario!$M:$M,"Fail") -> 0 | I16: =COUNTIFS(Semua_Skenario!$C:$C,A16,Semua_Skenario!$M:$M,"Blocked") -> 0 | J16: =COUNTIFS(Semua_Skenario!$C:$C,A16,Semua_Skenario!$M:$M,"Not Started") -> 12 | L16: INTEGRATION_USER | M16: =COUNTIF(Alur_Per_Role!$B:$B,L16) -> 0 | N16: =COUNTIFS(Alur_Per_Role!$B:$B,L16,Alur_Per_Role!$L:$L,"High") -> 0 | O16: =COUNTIFS(Alur_Per_Role!$B:$B,L16,Alur_Per_Role!$M:$M,"Not Started") -> 0 | P16: =COUNTIFS(Alur_Per_Role!$B:$B,L16,Alur_Per_Role!$M:$M,"Pass") -> 0
A17: Internal Audits | B17: Governance & Assurance | C17: =COUNTIF(Semua_Skenario!$C:$C,A17) -> 12 | D17: =COUNTIFS(Semua_Skenario!$C:$C,A17,Semua_Skenario!$H:$H,"High") -> 7 | E17: =COUNTIFS(Semua_Skenario!$C:$C,A17,Semua_Skenario!$H:$H,"Medium") -> 5 | F17: =COUNTIFS(Semua_Skenario!$C:$C,A17,Semua_Skenario!$H:$H,"Low") -> 0 | G17: =COUNTIFS(Semua_Skenario!$C:$C,A17,Semua_Skenario!$M:$M,"Pass") -> 0 | H17: =COUNTIFS(Semua_Skenario!$C:$C,A17,Semua_Skenario!$M:$M,"Fail") -> 0 | I17: =COUNTIFS(Semua_Skenario!$C:$C,A17,Semua_Skenario!$M:$M,"Blocked") -> 0 | J17: =COUNTIFS(Semua_Skenario!$C:$C,A17,Semua_Skenario!$M:$M,"Not Started") -> 12
A18: Management Reviews | B18: Governance & Assurance | C18: =COUNTIF(Semua_Skenario!$C:$C,A18) -> 12 | D18: =COUNTIFS(Semua_Skenario!$C:$C,A18,Semua_Skenario!$H:$H,"High") -> 6 | E18: =COUNTIFS(Semua_Skenario!$C:$C,A18,Semua_Skenario!$H:$H,"Medium") -> 6 | F18: =COUNTIFS(Semua_Skenario!$C:$C,A18,Semua_Skenario!$H:$H,"Low") -> 0 | G18: =COUNTIFS(Semua_Skenario!$C:$C,A18,Semua_Skenario!$M:$M,"Pass") -> 0 | H18: =COUNTIFS(Semua_Skenario!$C:$C,A18,Semua_Skenario!$M:$M,"Fail") -> 0 | I18: =COUNTIFS(Semua_Skenario!$C:$C,A18,Semua_Skenario!$M:$M,"Blocked") -> 0 | J18: =COUNTIFS(Semua_Skenario!$C:$C,A18,Semua_Skenario!$M:$M,"Not Started") -> 12
A19: Reports | B19: Governance & Assurance | C19: =COUNTIF(Semua_Skenario!$C:$C,A19) -> 9 | D19: =COUNTIFS(Semua_Skenario!$C:$C,A19,Semua_Skenario!$H:$H,"High") -> 6 | E19: =COUNTIFS(Semua_Skenario!$C:$C,A19,Semua_Skenario!$H:$H,"Medium") -> 3 | F19: =COUNTIFS(Semua_Skenario!$C:$C,A19,Semua_Skenario!$H:$H,"Low") -> 0 | G19: =COUNTIFS(Semua_Skenario!$C:$C,A19,Semua_Skenario!$M:$M,"Pass") -> 0 | H19: =COUNTIFS(Semua_Skenario!$C:$C,A19,Semua_Skenario!$M:$M,"Fail") -> 0 | I19: =COUNTIFS(Semua_Skenario!$C:$C,A19,Semua_Skenario!$M:$M,"Blocked") -> 0 | J19: =COUNTIFS(Semua_Skenario!$C:$C,A19,Semua_Skenario!$M:$M,"Not Started") -> 9
A20: Admin Master Data | B20: Admin & Platform | C20: =COUNTIF(Semua_Skenario!$C:$C,A20) -> 12 | D20: =COUNTIFS(Semua_Skenario!$C:$C,A20,Semua_Skenario!$H:$H,"High") -> 5 | E20: =COUNTIFS(Semua_Skenario!$C:$C,A20,Semua_Skenario!$H:$H,"Medium") -> 7 | F20: =COUNTIFS(Semua_Skenario!$C:$C,A20,Semua_Skenario!$H:$H,"Low") -> 0 | G20: =COUNTIFS(Semua_Skenario!$C:$C,A20,Semua_Skenario!$M:$M,"Pass") -> 0 | H20: =COUNTIFS(Semua_Skenario!$C:$C,A20,Semua_Skenario!$M:$M,"Fail") -> 0 | I20: =COUNTIFS(Semua_Skenario!$C:$C,A20,Semua_Skenario!$M:$M,"Blocked") -> 0 | J20: =COUNTIFS(Semua_Skenario!$C:$C,A20,Semua_Skenario!$M:$M,"Not Started") -> 12
A21: Superadmin Tenants | B21: Admin & Platform | C21: =COUNTIF(Semua_Skenario!$C:$C,A21) -> 10 | D21: =COUNTIFS(Semua_Skenario!$C:$C,A21,Semua_Skenario!$H:$H,"High") -> 9 | E21: =COUNTIFS(Semua_Skenario!$C:$C,A21,Semua_Skenario!$H:$H,"Medium") -> 1 | F21: =COUNTIFS(Semua_Skenario!$C:$C,A21,Semua_Skenario!$H:$H,"Low") -> 0 | G21: =COUNTIFS(Semua_Skenario!$C:$C,A21,Semua_Skenario!$M:$M,"Pass") -> 0 | H21: =COUNTIFS(Semua_Skenario!$C:$C,A21,Semua_Skenario!$M:$M,"Fail") -> 0 | I21: =COUNTIFS(Semua_Skenario!$C:$C,A21,Semua_Skenario!$M:$M,"Blocked") -> 0 | J21: =COUNTIFS(Semua_Skenario!$C:$C,A21,Semua_Skenario!$M:$M,"Not Started") -> 10
A22: CAPA | B22: Governance & Assurance | C22: =COUNTIF(Semua_Skenario!$C:$C,A22) -> 36 | D22: =COUNTIFS(Semua_Skenario!$C:$C,A22,Semua_Skenario!$H:$H,"High") -> 23 | E22: =COUNTIFS(Semua_Skenario!$C:$C,A22,Semua_Skenario!$H:$H,"Medium") -> 11 | F22: =COUNTIFS(Semua_Skenario!$C:$C,A22,Semua_Skenario!$H:$H,"Low") -> 2 | G22: =COUNTIFS(Semua_Skenario!$C:$C,A22,Semua_Skenario!$M:$M,"Pass") -> 0 | H22: =COUNTIFS(Semua_Skenario!$C:$C,A22,Semua_Skenario!$M:$M,"Fail") -> 0 | I22: =COUNTIFS(Semua_Skenario!$C:$C,A22,Semua_Skenario!$M:$M,"Blocked") -> 0 | J22: =COUNTIFS(Semua_Skenario!$C:$C,A22,Semua_Skenario!$M:$M,"Not Started") -> 36

Sheet Alur_Per_Role
A1: ITAM - Alur Testing per Role
A2: Sheet ini menjawab pola: siapa yang login → masuk ke modul mana → melakukan apa → fitur itu dipakai untuk apa → setelah itu masuk ke detail mana → di detail harus mengecek apa.
A4: No | B4: Role Login | C4: Masuk ke Modul | D4: Halaman / Menu | E4: Setelah Itu Masuk Ke | F4: Aksi User | G4: Penjelasan Fitur yang Dipakai | H4: Setelah Aksi Sukses | I4: Fitur di Halaman Detail | J4: Fungsi Fitur Detail / Yang Dicek | K4: Expected Outcome | L4: Prioritas | M4: Status Eksekusi | N4: Actual Result | O4: Catatan | P4: Sumber Acuan
A5: 1 | B5: Public | C5: Login | D5: Halaman Login | E5: Home / Dashboard | F5: Isi `Tenant Code`, `Email Address`, `Password`, lalu selesaikan captcha dan klik login. | G5: Fitur login dipakai untuk masuk ke tenant yang benar. Sistem memeriksa status tenant, kontrak, dan captcha sebelum sesi dibuat. | H5: Dashboard terbuka setelah login sukses. | I5: Summary cards, launcher modul, quick links | J5: Verifikasi summary tampil, launcher sesuai role, dan user bisa lanjut ke modul lain. | K5: Sesi cookie terbentuk; redirect ke `/`; data `/auth/me` dan dashboard berhasil dimuat. | L5: High | M5: Not Started | P5: https://raw.githubusercontent.com/MuhamadRamdhani/ITAM/main/docs/panduan-penggunaan-lengkap.md
A6: 2 | B6: Semua role login | C6: Home / Dashboard | D6: Home / Dashboard | E6: Modul yang sesuai role | F6: Baca summary cards lalu klik launcher/quick links yang tersedia. | G6: Dashboard adalah hub operasional. Bukan untuk membuat data bisnis baru, tetapi untuk melihat kondisi tenant dan masuk ke modul yang relevan. | H6: Masuk ke modul tujuan. | I6: Launcher role-based, quick links, vendor contract alert | J6: Cek launcher hanya menampilkan area yang relevan, dan quick link menuju halaman yang benar. | K6: User bisa memakai dashboard sebagai pintu masuk utama tanpa error navigasi. | L6: High | M6: Not Started | P6: https://raw.githubusercontent.com/MuhamadRamdhani/ITAM/main/docs/diagram-per-modul.md
A7: 3 | B7: TENANT_ADMIN | C7: Assets | D7: Assets List | E7: New Asset | F7: Buka Assets lalu klik `New Asset`. | G7: Assets List dipakai untuk melihat, mencari, dan memfilter aset berdasarkan type dan lifecycle state. New Asset dipakai untuk registrasi aset baru. | H7: Form New Asset tampil. | I7: Field create: Asset Tag, Name, Asset Type, Initial State, Status, coverage dates | J7: Isi field inti dan cek dropdown diambil dari config/master tenant. | K7: Form create terbuka dan siap dipakai membuat data asset baru. | L7: High | M7: Not Started | P7: https://raw.githubusercontent.com/MuhamadRamdhani/ITAM/main/docs/panduan-penggunaan-lengkap.md
A8: 4 | B8: TENANT_ADMIN | C8: Assets | D8: New Asset | E8: Asset Detail | F8: Isi data asset lalu simpan. | G8: Create Asset dipakai untuk membuat record asset baru. Coverage field harus mengikuti jenis asset, misalnya warranty/support untuk hardware dan subscription untuk software/saas. | H8: Masuk ke Asset Detail. | I8: Ownership Panel, Lifecycle Panel, Software Installations Panel, Software Assignments Modal | J8: Pahami bahwa Asset Detail adalah hub utama yang menghubungkan ownership, lifecycle, software, dan workflow lain. | K8: Asset tersimpan dan user masuk ke halaman detail asset yang baru dibuat. | L8: High | M8: Not Started | P8: https://raw.githubusercontent.com/MuhamadRamdhani/ITAM/main/docs/diagram-per-modul.md
A9: 5 | B9: ASSET_CUSTODIAN | C9: Assets | D9: Asset Detail | E9: Tetap di Asset Detail | F9: Buka panel `Ownership` lalu ubah owner department, custodian identity, atau location bila diizinkan. | G9: Ownership Panel dipakai untuk menjaga siapa owner, siapa custodian, dan di lokasi mana asset berada. Perubahan ownership harus menyisakan jejak history. | H9: Tetap di Asset Detail. | I9: Department selector, Identity selector, Location selector, Reason | J9: Isi lookup department/identity/location dengan benar; Reason bisa dipakai untuk menjelaskan perubahan. | K9: Ownership aktif berubah dan riwayat ownership dapat dilihat. | L9: High | M9: Not Started | P9: https://raw.githubusercontent.com/MuhamadRamdhani/ITAM/main/docs/panduan-penggunaan-lengkap.md
A10: 6 | B10: ITAM_MANAGER | C10: Assets | D10: Asset Detail | E10: Tetap di Asset Detail | F10: Buka panel `Lifecycle`, pilih target state, lalu submit transition. | G10: Lifecycle dipakai untuk mengendalikan status operasional aset. Beberapa transition bisa membutuhkan approval, evidence, atau gate rules sebelum perubahan diterapkan. | H10: Bisa tetap di detail atau lanjut ke Approvals bila perlu. | I10: Target State, indicator approval required/evidence required/gate rules/blocked reasons | J10: Cek apakah target state tersedia, apa syaratnya, dan apakah state berubah langsung atau menunggu approval. | K10: Current state/history terbaca; transition berhasil atau membuat approval bila memang diwajibkan. | L10: High | M10: Not Started | P10: https://raw.githubusercontent.com/MuhamadRamdhani/ITAM/main/docs/panduan-penggunaan-lengkap.md
A11: 7 | B11: ITAM_MANAGER | C11: Assets | D11: Asset Detail | E11: Tetap di Asset Detail | F11: Buka `Software Installations`, tambah installation untuk asset yang sedang dibuka. | G11: Panel ini dipakai untuk mencatat software yang terpasang pada sebuah asset. Ini penting untuk jejak penggunaan software dan analisis compliance. | H11: Masih di Asset Detail. | I11: Software Product, Installation Status, Installed Version, Installation Date, Discovery Source | J11: Isi product, status, versi, tanggal, dan catatan agar jejak instalasi lengkap. | K11: Installation baru tercatat dan bisa dibaca kembali di panel installation history. | L11: Medium | M11: Not Started | P11: https://raw.githubusercontent.com/MuhamadRamdhani/ITAM/main/docs/panduan-penggunaan-lengkap.md
A12: 8 | B12: ITAM_MANAGER | C12: Assets | D12: Asset Detail | E12: Software Assignments Modal | F12: Buka assignment pada salah satu installation lalu kaitkan identity. | G12: Software Assignments dipakai untuk mencatat software tersebut digunakan oleh siapa dan dalam peran apa, misalnya primary user atau service account. | H12: Tetap di detail asset/installasi. | I12: Identity, Assignment Role, Assignment Status, Assigned At, Notes | J12: Pilih identity yang benar dan tentukan role assignment sesuai penggunaan nyata. | K12: Identity berhasil terhubung ke installation dan status assignment dapat dibaca. | L12: Medium | M12: Not Started | P12: https://raw.githubusercontent.com/MuhamadRamdhani/ITAM/main/docs/panduan-penggunaan-lengkap.md
A13: 9 | B13: TENANT_ADMIN | C13: Approvals | D13: Approvals List | E13: Approval Detail | F13: Buka queue approvals, filter status, lalu buka salah satu approval. | G13: Approvals adalah gate untuk workflow lain. User biasanya memantau antrian approval dan membuka detail untuk memutuskan approve atau reject. | H13: Tetap di Approvals atau kembali ke modul asal. | I13: Status filter, detail approval, action Approve/Reject | J13: Cek sumber approval, statusnya, dan konsekuensinya ke workflow asal. | K13: Queue dapat difilter dan detail approval terbuka sesuai tenant. | L13: High | M13: Not Started | P13: https://raw.githubusercontent.com/MuhamadRamdhani/ITAM/main/docs/diagram-per-modul.md
A14: 10 | B14: PROCUREMENT_CONTRACT_MANAGER | C14: Approvals | D14: Approval Detail | E14: Workflow asal | F14: Klik `Approve` atau `Reject` pada approval yang menjadi kewenangannya. | G14: Decision action dipakai untuk menyetujui atau menolak workflow yang membutuhkan persetujuan. Khusus procurement, ini sering berkaitan dengan area kontrak atau workflow yang serupa. | H14: Kembali ke modul asal / queue approvals. | I14: Decision action, decision note | J14: Isi note bila diperlukan dan cek perubahan status approval serta dampaknya ke workflow sumber. | K14: Status approval berubah dan workflow asal menerima hasil keputusan. | L14: High | M14: Not Started | P14: https://raw.githubusercontent.com/MuhamadRamdhani/ITAM/main/docs/matriks-akses-role.md
A15: 11 | B15: ITAM_MANAGER | C15: Documents | D15: Documents List | E15: New Document | F15: Buka modul Documents lalu pilih create/new document. | G15: Documents dipakai untuk mengelola dokumen tenant dengan workflow versioning dari draft sampai published/archived. | H15: Document Detail / list document. | I15: Field create: doc_type_code, title, content_json | J15: Isi jenis dokumen, judul, dan konten awal sebagai draft pertama. | K15: Dokumen baru terbentuk dalam status draft atau sesuai workflow awal sistem. | L15: High | M15: Not Started | P15: https://raw.githubusercontent.com/MuhamadRamdhani/ITAM/main/docs/panduan-penggunaan-lengkap.md
A16: 12 | B16: ITAM_MANAGER | C16: Documents | D16: Document Detail | E16: Tetap di Document Detail | F16: Submit dokumen dari `DRAFT` ke `IN_REVIEW`, lalu revisi bila perlu. | G16: Detail document adalah tempat membaca isi, mengelola versi, dan menjalankan workflow dokumen. User operasional biasanya fokus membuat, memperbarui, lalu submit. | H16: Bisa lanjut ke approval/publish oleh admin. | I16: Versioning, status workflow, content update | J16: Cek perubahan status, kemampuan edit, dan konsistensi versi setelah submit/revisi. | K16: Dokumen bergerak ke tahap review dengan jejak workflow yang jelas. | L16: High | M16: Not Started | P16: https://raw.githubusercontent.com/MuhamadRamdhani/ITAM/main/docs/panduan-penggunaan-lengkap.md
... A88: 87 | B88: SECURITY_OFFICER | C88: CAPA | D88: CAPA Detail | E88: Cancel CAPA | F88: Isi cancel reason bila kasus harus dibatalkan, lalu klik Cancel CAPA. | G88: Cancel dipakai bila kasus tidak lagi relevan atau perlu dihentikan secara resmi. | H88: Status CAPA berubah ke CANCELLED. | I88: Cancel box, notes/cancel reason, cancelled_at | J88: Cek cancel hanya tidak boleh dilakukan pada CAPA CLOSED dan pembatalan menambah jejak catatan. | K88: Kasus CAPA dibatalkan secara resmi dengan jejak audit yang jelas. | L88: Medium | M88: Not Started | P88: https://raw.githubusercontent.com/MuhamadRamdhani/ITAM/main/apps/api/src/modules/capa/capa.service.js

Sheet Matriks_Role_Modul
A1: ITAM - Matriks Role vs Modul
A2: Gunakan sheet ini untuk melihat siapa yang punya hak baca/tulis/special action di setiap modul. Nilai mengikuti ringkasan role yang terlihat di repo saat ini.
A4: Modul / Area | B4: SUPERADMIN | C4: TENANT_ADMIN | D4: ITAM_MANAGER | E4: PROCUREMENT_CONTRACT_MANAGER | F4: ASSET_CUSTODIAN | G4: AUDITOR | H4: SECURITY_OFFICER | I4: SERVICE_DESK_OPERATOR | J4: INTEGRATION_USER | K4: Catatan
A5: Login / Auth | B5: P | C5: P | D5: P | E5: P | F5: P | G5: P | H5: P | I5: P | J5: P | K5: Public login; sesudah itu tenant context berlaku
A6: Home / Dashboard | B6: P | C6: P | D6: P | E6: P | F6: P | G6: P | H6: - | I6: - | J6: - | K6: Launcher mengikuti role user
A7: Assets | B7: P/W | C7: P/W | D7: P/W | E7: P | F7: P/W(S) | G7: P | H7: - | I7: - | J7: - | K7: Create/edit butuh role operasional; custodian punya special action tertentu
A8: Approvals | B8: P | C8: P/W(S) | D8: P/W(S) | E8: P/W(S) | F8: P | G8: P | H8: - | I8: - | J8: - | K8: Decision dibatasi role tertentu
A9: Documents | B9: P | C9: P/W | D9: P/W | E9: - | F9: - | G9: P | H9: - | I9: - | J9: - | K9: Workflow draft → review → approve → publish
A10: Evidence | B10: P | C10: P/W | D10: P/W | E10: - | F10: P/W(S) | G10: P | H10: - | I10: - | J10: - | K10: Upload dan attach dibatasi role operasional
A11: Audit Events | B11: P | C11: P | D11: P | E11: - | F11: - | G11: P | H11: - | I11: - | J11: - | K11: Read-only
A12: Governance Scope | B12: P | C12: P/W | D12: P/W | E12: - | F12: - | G12: P | H12: - | I12: - | J12: - | K12: Scope version workflow
A13: Governance Context | B13: P | C13: P/W | D13: P/W | E13: - | F13: - | G13: P | H13: - | I13: - | J13: - | K13: Register context
A14: Governance Stakeholders | B14: P | C14: P/W | D14: P/W | E14: - | F14: - | G14: P | H14: - | I14: - | J14: - | K14: Register stakeholder
A15: Vendors | B15: P/W | C15: P/W | D15: P/W | E15: P/W | F15: - | G15: P | H15: - | I15: - | J15: - | K15: Vendor registry tenant-scoped
... A34: CAPA | B34: P/W | C34: P/W | D34: P/W | E34: - | F34: - | G34: P | H34: P/W | I34: - | J34: - | K34: View role mencakup AUDITOR; create/update/stage/close/cancel hanya role operasional.

Sheet Auth & Dashboard
A1: Skenario - Auth and Dashboard
A2: Gunakan sheet Alur_Per_Role untuk membaca flow user per role sebelum mengeksekusi test case detail di sheet ini.
A4: ID Skenario | B4: Kelompok Area | C4: Modul | D4: Fitur | E4: Tujuan Uji | F4: Jenis Uji | G4: Role Uji | H4: Prioritas | I4: Precondition | J4: Langkah Uji | K4: Hasil yang Diharapkan | L4: Data Uji | M4: Status Eksekusi | N4: Actual Result | O4: Catatan | P4: Sumber Acuan
A5: AUTH-001 | B5: Fondasi | C5: Auth and Dashboard | D5: Login | E5: Memastikan user dapat login dengan kredensial tenant yang valid. | F5: Positive | G5: Public | H5: High | I5: Tenant aktif; akun aktif; captcha dapat digunakan. | J5: 1. Buka halaman login. 2. Isi Tenant Code, Email Address, Password, dan captcha token. 3. Klik Sign In / Login. 4. Tunggu redirect ke home. | K5: - Session cookie terbentuk. - User diarahkan ke dashboard. - Data /auth/me berhasil dibaca dan shell aplikasi tampil. | L5: tenant code valid; email valid; password valid | M5: Not Started | P5: https://raw.githubusercontent.com/MuhamadRamdhani/ITAM/main/docs/panduan-penggunaan-lengkap.md
A6: AUTH-002 | B6: Fondasi | C6: Auth and Dashboard | D6: Login | E6: Memastikan login ditolak saat password salah. | F6: Negative | G6: Public | H6: High | I6: Tenant aktif; akun ada. | J6: 1. Buka halaman login. 2. Isi Tenant Code dan Email valid, tetapi Password salah. 3. Selesaikan captcha. 4. Submit form login. | K6: - Login ditolak. - Pesan error tampil. - Tidak ada redirect ke dashboard dan sesi tidak dibuat. | L6: password invalid | M6: Not Started | P6: https://raw.githubusercontent.com/MuhamadRamdhani/ITAM/main/docs/panduan-penggunaan-lengkap.md
A7: AUTH-003 | B7: Fondasi | C7: Auth and Dashboard | D7: Login | E7: Memastikan tenant dengan contract expired / suspended diblokir. | F7: Negative | G7: Public | H7: High | I7: Siapkan tenant expired atau suspended. | J7: 1. Buka halaman login. 2. Masukkan kredensial akun tenant expired atau suspended. 3. Selesaikan captcha dan submit. | K7: - Login ditolak. - Modal/penjelasan terkait contract atau suspension tampil. - User tetap berada di login page. | L7: tenant contract expired / tenant suspended | M7: Not Started | P7: https://raw.githubusercontent.com/MuhamadRamdhani/ITAM/main/docs/panduan-penggunaan-lengkap.md
A8: AUTH-004 | B8: Fondasi | C8: Auth and Dashboard | D8: Refresh Session | E8: Memastikan access token yang expired dapat dipulihkan otomatis dengan refresh. | F8: Integration | G8: All authenticated users | H8: High | I8: User sudah login; refresh token masih valid. | J8: 1. Biarkan access token expired atau simulasi request protected saat token access sudah tidak valid. 2. Akses halaman protected. 3. Amati request refresh dan retry request asal. | K8: - Client memanggil /auth/refresh. - Request protected diulang otomatis. - User tetap berada di halaman aplikasi tanpa login ulang. | M8: Not Started | O8: Sangat penting untuk regression auth wrapper. | P8: https://raw.githubusercontent.com/MuhamadRamdhani/ITAM/main/docs/alur-end-to-end-login-sampai-kpi-dan-internal-audit.md
A9: AUTH-005 | B9: Fondasi | C9: Auth and Dashboard | D9: Logout | E9: Memastikan logout mengakhiri sesi dengan aman. | F9: Positive | G9: All authenticated users | H9: High | I9: User sudah login. | J9: 1. Buka application shell. 2. Klik logout. 3. Tunggu redirect ke login. 4. Coba buka halaman protected kembali. | K9: - User kembali ke login. - Halaman protected tidak bisa diakses tanpa login ulang. - Sesi lama tidak dapat dipakai lagi. | M9: Not Started | P9: https://raw.githubusercontent.com/MuhamadRamdhani/ITAM/main/docs/generate-itam-test-scenarios.ps1
A10: AUTH-006 | B10: Fondasi | C10: Auth and Dashboard | D10: Dashboard | E10: Memastikan dashboard menampilkan summary cards dan quick links. | F10: Positive | G10: All authenticated users | H10: High | I10: User sudah login. | J10: 1. Buka home/dashboard. 2. Periksa summary cards. 3. Periksa quick links utama. 4. Klik satu quick link. | K10: - Summary cards tampil. - Quick links ke create asset/document/upload evidence terlihat sesuai peran. - Navigasi quick link berjalan. | M10: Not Started | P10: https://raw.githubusercontent.com/MuhamadRamdhani/ITAM/main/docs/panduan-penggunaan-lengkap.md
A11: AUTH-007 | B11: Fondasi | C11: Auth and Dashboard | D11: Dashboard Visibility | E11: Memastikan launcher mengikuti role user. | F11: Authorization | G11: SUPERADMIN/TENANT_ADMIN/ITAM_MANAGER/AUDITOR | H11: High | I11: Siapkan beberapa akun dengan role berbeda. | J11: 1. Login sebagai role pertama dan catat launcher yang muncul. 2. Logout lalu login sebagai role kedua. 3. Bandingkan launcher dan tombol aksi yang terlihat. | K11: - Launcher mengikuti role. - Modul yang tidak relevan tidak ditampilkan. - Tidak ada tombol aksi write untuk role read-only. | M11: Not Started | P11: https://raw.githubusercontent.com/MuhamadRamdhani/ITAM/main/docs/matriks-akses-role.md
A12: AUTH-008 | B12: Fondasi | C12: Auth and Dashboard | D12: Login | E12: Memastikan login ditolak bila captcha belum diisi atau token captcha invalid/expired. | F12: Negative | G12: Public | H12: High | I12: Tenant aktif; akun aktif; site key captcha tersedia. | J12: 1. Buka halaman login. 2. Isi Tenant Code, Email Address, dan Password valid. 3. Jangan selesaikan captcha atau gunakan token captcha invalid. 4. Klik login. | K12: - Login ditolak. - Pesan captcha tampil. - Widget captcha di-reset bila token invalid/expired. | L12: captcha kosong / captcha invalid | M12: Not Started | P12: https://raw.githubusercontent.com/MuhamadRamdhani/ITAM/main/apps/web/app/login/page.tsx
A13: AUTH-009 | B13: Fondasi | C13: Auth and Dashboard | D13: Login | E13: Memastikan login diblokir untuk tenant dengan contract not set / not active / suspended. | F13: Negative | G13: Public | H13: High | I13: Siapkan tenant pada beberapa status kontrak: not set, expired, suspended. | J13: 1. Login menggunakan akun tenant yang kontraknya bermasalah. 2. Selesaikan captcha. 3. Submit form. | K13: - Login ditolak. - Modal status tenant/kontrak tampil sesuai kondisi. - Tidak ada redirect ke dashboard. | L13: tenant contract not set / not active / suspended | M13: Not Started | P13: https://raw.githubusercontent.com/MuhamadRamdhani/ITAM/main/apps/web/app/login/page.tsx
A14: AUTH-010 | B14: Fondasi | C14: Auth and Dashboard | D14: Login | E14: Memastikan proteksi double submit bekerja pada tombol login. | F14: Authorization | G14: Public | H14: Medium | I14: Halaman login terbuka. | J14: 1. Isi semua field valid. 2. Klik tombol login berkali-kali dengan cepat. 3. Amati request yang dikirim. | K14: - Hanya satu proses login yang aktif. - Tombol/indikator submit mencegah duplicate request. - Tidak muncul sesi ganda atau error balapan request. | L14: rapid click login | M14: Not Started | P14: https://raw.githubusercontent.com/MuhamadRamdhani/ITAM/main/apps/web/app/login/page.tsx
A15: AUTH-011 | B15: Fondasi | C15: Auth and Dashboard | D15: Refresh Session | E15: Memastikan ketika refresh token tidak valid, user diarahkan kembali ke login dengan event session-expired. | F15: Integration | G15: All authenticated users | H15: High | I15: User pernah login; access token dan refresh token sudah invalid atau refresh endpoint gagal. | J15: 1. Akses halaman protected saat sesi sudah tidak bisa dipulihkan. 2. Amati respons client setelah refresh gagal. | K15: - Event session-expired dipicu. - Guard menampilkan pesan sesi habis. - User diarahkan ke halaman login. | L15: session expired total | M15: Not Started | P15: https://raw.githubusercontent.com/MuhamadRamdhani/ITAM/main/apps/web/app/lib/api.ts
A16: AUTH-012 | B16: Fondasi | C16: Auth and Dashboard | D16: Logout | E16: Memastikan logout menghapus sesi dan user tidak lagi bisa mengakses halaman protected. | F16: Positive | G16: All authenticated users | H16: High | I16: User sudah login ke aplikasi. | J16: 1. Klik tombol Logout. 2. Konfirmasi bila ada. 3. Coba akses kembali halaman protected dari tab yang sama atau refresh browser. | K16: - Session cookie dibersihkan. - User kembali ke login. - Halaman protected meminta login lagi. | M16: Not Started | P16: https://raw.githubusercontent.com/MuhamadRamdhani/ITAM/main/docs/alur-end-to-end-login-sampai-kpi-dan-internal-audit.md
A17: DASH-001 | B17: Fondasi | C17: Auth and Dashboard | D17: Dashboard Summary | E17: Memastikan summary cards termuat setelah login dan menampilkan kondisi inti tenant. | F17: Positive | G17: All authenticated users | H17: High | I17: User login valid dan memiliki akses ke home/dashboard. | J17: 1. Login ke aplikasi. 2. Tunggu dashboard selesai dimuat. 3. Periksa summary cards. | K17: - Ringkasan seperti total assets, pending approvals, documents in review, evidence, scope, atau governance termuat. - Tidak ada error load pada komponen utama dashboard. | M17: Not Started | P17: https://raw.githubusercontent.com/MuhamadRamdhani/ITAM/main/apps/web/app/components/DashboardSummaryCards.tsx
A18: DASH-002 | B18: Fondasi | C18: Auth and Dashboard | D18: Vendor Contract Alert | E18: Memastikan vendor contract alert tampil ketika ada kontrak expiring atau expired. | F18: Positive | G18: All authenticated users | H18: Medium | I18: Tersedia data kontrak dengan health EXPIRING atau EXPIRED. | J18: 1. Buka dashboard. 2. Cari kartu Vendor Contract Alert. 3. Klik tautan ke modul Contracts bila tersedia. | K18: - Jumlah expiring/expired tampil benar. - Link mengarah ke Contracts dengan konteks yang relevan. | L18: contracts health expiring/expired | M18: Not Started | P18: https://raw.githubusercontent.com/MuhamadRamdhani/ITAM/main/apps/web/app/components/DashboardSummaryCards.tsx
A19: DASH-003 | B19: Fondasi | C19: Auth and Dashboard | D19: Launcher Visibility | E19: Memastikan launcher/dashboard menu hanya menampilkan modul yang relevan untuk role yang login. | F19: Authorization | G19: SUPERADMIN/TENANT_ADMIN/ITAM_MANAGER/ASSET_CUSTODIAN/AUDITOR | H19: High | I19: Siapkan akun dengan role berbeda. | J19: 1. Login dengan role A, catat launcher yang muncul. 2. Logout. 3. Login dengan role B/C/D. 4. Bandingkan launcher yang tampil. | K19: - Modul yang ditampilkan sesuai role matrix. - Role read-only tidak melihat aksi operasional yang tidak berwenang. | L19: multi-role accounts | M19: Not Started | P19: https://raw.githubusercontent.com/MuhamadRamdhani/ITAM/main/docs/matriks-akses-role.md
A20: DASH-004 | B20: Fondasi | C20: Auth and Dashboard | D20: Quick Links | E20: Memastikan quick links di dashboard mengarah ke halaman target yang benar. | F20: Positive | G20: All authenticated users | H20: Medium | I20: Dashboard sudah terbuka. | J20: 1. Klik beberapa quick links seperti New Asset, New Document, Upload Evidence, Vendors, Contracts, atau Pending Approvals. 2. Verifikasi halaman tujuan. | K20: - Navigasi berhasil tanpa 404/500. - Halaman target sesuai label quick link. - Role yang tidak berwenang tidak bisa melewati proteksi backend/UI. | M20: Not Started | P20: https://raw.githubusercontent.com/MuhamadRamdhani/ITAM/main/apps/web/app/page.tsx
A21: DASH-005 | B21: Fondasi | C21: Auth and Dashboard | D21: Dashboard Unauthorized Handling | E21: Memastikan dashboard menangani unauthorized dengan benar ketika sesi hilang saat sedang berada di aplikasi. | F21: Integration | G21: All authenticated users | H21: High | I21: User sempat login lalu sesi dihapus/expired. | J21: 1. Buka dashboard. 2. Hapus cookie sesi atau tunggu sesi habis. 3. Refresh halaman atau trigger API dashboard. | K21: - Dashboard menampilkan handling session missing/expired. - Client mencoba refresh bila memungkinkan. - Jika gagal, user kembali ke login dengan aman. | M21: Not Started | P21: https://raw.githubusercontent.com/MuhamadRamdhani/ITAM/main/apps/web/app/components/DashboardSummaryCards.tsx

Sheet Assets
A1: Skenario - Assets
A2: Gunakan sheet Alur_Per_Role untuk membaca flow user per role sebelum mengeksekusi test case detail di sheet ini.
A4: ID Skenario | B4: Kelompok Area | C4: Modul | D4: Fitur | E4: Tujuan Uji | F4: Jenis Uji | G4: Role Uji | H4: Prioritas | I4: Precondition | J4: Langkah Uji | K4: Hasil yang Diharapkan | L4: Data Uji | M4: Status Eksekusi | N4: Actual Result | O4: Catatan | P4: Sumber Acuan
A5: ASSET-001 | B5: Core ITAM | C5: Assets | D5: Assets List | E5: Memastikan list asset dapat dicari dan difilter. | F5: Positive | G5: Tenant-scoped | H5: High | I5: Data asset minimal 5 record dengan type/state berbeda tersedia. | J5: 1. Buka halaman Assets. 2. Gunakan search berdasarkan asset tag atau name. 3. Pilih Asset Type dan Lifecycle State. 4. Terapkan filter. | K5: - Daftar asset menyesuaikan filter. - Page size dan pagination tetap konsisten. - Filter mengambil nilai dari config tenant. | M5: Not Started | P5: https://raw.githubusercontent.com/MuhamadRamdhani/ITAM/main/docs/panduan-penggunaan-lengkap.md
A6: ASSET-002 | B6: Core ITAM | C6: Assets | D6: New Asset | E6: Memastikan asset baru dapat dibuat oleh role yang diizinkan. | F6: Positive | G6: TENANT_ADMIN/ITAM_MANAGER | H6: High | I6: Master asset type dan lifecycle state sudah tersedia. | J6: 1. Buka Assets > New Asset. 2. Isi Asset Tag, Name, Asset Type, Initial State, Status, dan coverage dates yang relevan. 3. Simpan data. | K6: - Asset baru tersimpan. - User diarahkan ke asset detail atau asset terlihat di list. - Nilai asset type dan state sesuai pilihan. | M6: Not Started | P6: https://raw.githubusercontent.com/MuhamadRamdhani/ITAM/main/docs/panduan-penggunaan-lengkap.md
A7: ASSET-003 | B7: Core ITAM | C7: Assets | D7: New Asset | E7: Memastikan role non-operasional tidak dapat membuat asset. | F7: Authorization | G7: AUDITOR | H7: High | I7: Login sebagai role read-only. | J7: 1. Buka halaman Assets. 2. Coba akses tombol New Asset atau route create asset. 3. Coba submit form bila route berhasil dibuka. | K7: - Tombol create tidak tampil atau akses backend ditolak. - Tidak ada asset baru yang tersimpan. | M7: Not Started | P7: https://raw.githubusercontent.com/MuhamadRamdhani/ITAM/main/docs/matriks-akses-role.md
A8: ASSET-004 | B8: Core ITAM | C8: Assets | D8: Ownership Panel | E8: Memastikan owner/custodian/location dapat diubah dan history tetap terjaga. | F8: Positive | G8: TENANT_ADMIN/ITAM_MANAGER/ASSET_CUSTODIAN | H8: High | I8: Asset sudah ada; department, identity, dan location master tersedia. | J8: 1. Buka asset detail. 2. Masuk ke Ownership Panel. 3. Cari dan pilih department, identity, dan location baru. 4. Simpan perubahan. | K8: - Ownership aktif berubah. - History ownership bertambah. - Lookup mengambil data dari master tenant. | M8: Not Started | P8: https://raw.githubusercontent.com/MuhamadRamdhani/ITAM/main/docs/panduan-penggunaan-lengkap.md
A9: ASSET-005 | B9: Core ITAM | C9: Assets | D9: Lifecycle Panel | E9: Memastikan lifecycle transition biasa dapat dijalankan saat gate terpenuhi. | F9: Positive | G9: Role operasional | H9: High | I9: Asset memiliki transition yang tidak membutuhkan approval. | J9: 1. Buka asset detail. 2. Masuk ke Lifecycle Panel. 3. Pilih Target State yang valid. 4. Submit transition. | K9: - Current state berubah. - History state bertambah. - Tidak ada approval record baru bila transition tidak mensyaratkan approval. | M9: Not Started | P9: https://raw.githubusercontent.com/MuhamadRamdhani/ITAM/main/docs/panduan-penggunaan-lengkap.md
A10: ASSET-006 | B10: Core ITAM | C10: Assets | D10: Lifecycle Panel | E10: Memastikan transition yang membutuhkan approval membuat approval record. | F10: Integration | G10: Role operasional | H10: High | I10: Asset memiliki transition dengan indikator approval required. | J10: 1. Buka asset detail. 2. Pilih transition yang membutuhkan approval. 3. Submit action. 4. Buka modul Approvals dan cari record yang dibuat. | K10: - Approval record baru muncul. - State final asset belum berubah sampai approval disetujui. - Audit trail workflow bertambah. | M10: Not Started | P10: https://raw.githubusercontent.com/MuhamadRamdhani/ITAM/main/docs/panduan-penggunaan-lengkap.md
A11: ASSET-007 | B11: Core ITAM | C11: Assets | D11: Software Panels | E11: Memastikan software installation dan assignment dapat dikelola dari asset detail. | F11: Integration | G11: SUPERADMIN/TENANT_ADMIN/ITAM_MANAGER | H11: Medium | I11: Software product aktif tersedia; identity tenant tersedia. | J11: 1. Buka asset detail. 2. Tambahkan software installation. 3. Tambahkan assignment ke identity. 4. Refresh panel. | K11: - Installation tersimpan. - Assignment tersimpan. - History installation/assignment dapat dilihat ulang. | M11: Not Started | P11: https://raw.githubusercontent.com/MuhamadRamdhani/ITAM/main/docs/panduan-penggunaan-lengkap.md
A12: ASSET-008 | B12: Core ITAM | C12: Assets | D12: Transfer Action | E12: Memastikan action transfer hanya muncul untuk role tertentu. | F12: Authorization | G12: SUPERADMIN/TENANT_ADMIN/ITAM_MANAGER vs AUDITOR | H12: Medium | I12: Siapkan akun role operasional dan role read-only. | J12: 1. Login sebagai role operasional dan buka Assets. 2. Catat apakah action Transfer tampil. 3. Login sebagai role read-only dan ulangi pemeriksaan. | K12: - Action Transfer hanya tersedia untuk role yang diizinkan. - Role read-only tidak melihat atau tidak dapat menjalankan transfer. | M12: Not Started | P12: https://raw.githubusercontent.com/MuhamadRamdhani/ITAM/main/docs/alur-end-to-end-login-sampai-kpi-dan-internal-audit.md
A13: ASSET-009 | B13: Core ITAM | C13: Assets | D13: Assets List | E13: Memastikan halaman Assets melakukan bootstrap auth dan config tenant dengan benar sebelum memuat list. | F13: Integration | G13: Tenant-scoped | H13: High | I13: User login; config asset types, lifecycle states, dan config UI tersedia. | J13: 1. Buka halaman Assets. 2. Amati load awal halaman. 3. Pastikan user profile, config UI, asset types, lifecycle states, dan list asset termuat. | K13: - Halaman tidak blank/crash. - Dropdown filter terisi dari config tenant. - List asset muncul setelah bootstrap selesai. | M13: Not Started | P13: https://raw.githubusercontent.com/MuhamadRamdhani/ITAM/main/apps/web/app/assets/AssetsClient.tsx
A14: ASSET-010 | B14: Core ITAM | C14: Assets | D14: Assets List | E14: Memastikan invalid page size ditolak sesuai config server. | F14: Negative | G14: Tenant-scoped | H14: High | I14: Assets page dapat diakses. | J14: 1. Manipulasi URL page_size ke nilai yang tidak ada pada config. 2. Reload halaman Assets. | K14: - Pesan invalid page size muncul atau request ditolak. - Halaman tidak menampilkan data dengan page size liar. - Enforcement mengikuti config server. | L14: page_size di luar config | M14: Not Started | P14: https://raw.githubusercontent.com/MuhamadRamdhani/ITAM/main/apps/web/app/assets/AssetsClient.tsx
A15: ASSET-011 | B15: Core ITAM | C15: Assets | D15: Assets List | E15: Memastikan empty state tampil saat hasil pencarian tidak ditemukan. | F15: Negative | G15: Tenant-scoped | H15: Medium | I15: Assets page dapat diakses. | J15: 1. Cari asset dengan kata kunci yang pasti tidak ada. 2. Submit filter/search. | K15: - Tabel/list tidak error. - UI menampilkan informasi bahwa tidak ada asset yang cocok. - Filter tetap dapat diubah kembali. | L15: keyword tidak ada | M15: Not Started | P15: https://raw.githubusercontent.com/MuhamadRamdhani/ITAM/main/apps/web/app/assets/AssetsClient.tsx
A16: ASSET-012 | B16: Core ITAM | C16: Assets | D16: New Asset | E16: Memastikan coverage field mengikuti tipe asset kategori hardware/network. | F16: Positive | G16: TENANT_ADMIN/ITAM_MANAGER | H16: Medium | I16: Form New Asset terbuka. | J16: 1. Pilih Asset Type HARDWARE atau NETWORK. 2. Amati field coverage yang muncul. 3. Isi warranty/support dates bila tersedia. | K16: - Coverage field menonjolkan warranty/support. - Field subscription tidak menjadi fokus utama untuk mode hardware. - User tidak bingung karena field selaras dengan jenis asset. | L16: asset type HARDWARE / NETWORK | M16: Not Started | P16: https://raw.githubusercontent.com/MuhamadRamdhani/ITAM/main/apps/web/app/assets/new/page.tsx
A17: ASSET-013 | B17: Core ITAM | C17: Assets | D17: New Asset | E17: Memastikan coverage field mengikuti tipe asset kategori software/saas/cloud/vm_container. | F17: Positive | G17: TENANT_ADMIN/ITAM_MANAGER | H17: Medium | I17: Form New Asset terbuka. | J17: 1. Pilih Asset Type SOFTWARE, SAAS, CLOUD, atau VM_CONTAINER. 2. Amati perubahan field coverage. 3. Isi subscription dates yang relevan. | K17: - Coverage field menonjolkan subscription/license term. - Tampilan form menyesuaikan jenis asset yang dipilih. | L17: asset type SOFTWARE / SAAS / CLOUD / VM_CONTAINER | M17: Not Started | P17: https://raw.githubusercontent.com/MuhamadRamdhani/ITAM/main/apps/web/app/assets/new/page.tsx
A18: ASSET-014 | B18: Core ITAM | C18: Assets | D18: New Asset | E18: Memastikan validasi field wajib berjalan saat create asset. | F18: Negative | G18: TENANT_ADMIN/ITAM_MANAGER | H18: High | I18: Form New Asset terbuka. | J18: 1. Biarkan Asset Tag atau Name kosong. 2. Atau kosongkan Asset Type / Initial State. 3. Klik simpan. | K18: - Form menolak submit. - Pesan validasi tampil. - Tidak ada asset baru yang tersimpan. | L18: field wajib kosong | M18: Not Started | P18: https://raw.githubusercontent.com/MuhamadRamdhani/ITAM/main/docs/panduan-penggunaan-lengkap.md
A19: ASSET-015 | B19: Core ITAM | C19: Assets | D19: Asset Detail | E19: Memastikan asset detail dapat dibuka dari list dan berfungsi sebagai hub modul lanjutan. | F19: Positive | G19: Tenant-scoped | H19: High | I19: Ada minimal satu asset pada list. | J19: 1. Dari Assets List klik View/Detail. 2. Tunggu halaman Asset Detail terbuka. 3. Tinjau panel utama yang tersedia. | K19: - Asset Detail terbuka. - Ownership, Lifecycle, Software Installations, dan Software Assignments dapat diakses sesuai role. - Tidak ada mismatch asset ID. | M19: Not Started | P19: https://raw.githubusercontent.com/MuhamadRamdhani/ITAM/main/docs/diagram-per-modul.md
A20: ASSET-016 | B20: Core ITAM | C20: Assets | D20: Ownership Panel | E20: Memastikan role read-only seperti AUDITOR tidak dapat mengubah ownership. | F20: Authorization | G20: AUDITOR | H20: High | I20: Login sebagai AUDITOR; asset tersedia. | J20: 1. Buka Asset Detail. 2. Akses Ownership Panel. 3. Coba ubah department/custodian/location lalu simpan. | K20: - Aksi ubah tidak tersedia atau ditolak. - Tidak ada perubahan ownership yang tersimpan. | M20: Not Started | P20: https://raw.githubusercontent.com/MuhamadRamdhani/ITAM/main/docs/matriks-akses-role.md
A21: ASSET-017 | B21: Core ITAM | C21: Assets | D21: Lifecycle Panel | E21: Memastikan current state, transition options, dan history lifecycle tampil pada asset detail. | F21: Positive | G21: Tenant-scoped | H21: High | I21: Asset sudah ada dan memiliki state aktif. | J21: 1. Buka Asset Detail. 2. Masuk ke Lifecycle Panel. 3. Periksa current state, target state, dan history. | K21: - Current state terlihat jelas. - Opsi transition yang valid ditampilkan. - History lifecycle tersedia untuk audit trail. | M21: Not Started | P21: https://raw.githubusercontent.com/MuhamadRamdhani/ITAM/main/docs/panduan-penggunaan-lengkap.md
A22: ASSET-018 | B22: Core ITAM | C22: Assets | D22: Lifecycle Panel | E22: Memastikan transition yang tidak membutuhkan approval mengubah state langsung. | F22: Integration | G22: TENANT_ADMIN/ITAM_MANAGER | H22: High | I22: Siapkan asset dengan transition direct yang valid. | J22: 1. Buka Lifecycle Panel. 2. Pilih target state direct. 3. Submit transition. | K22: - State asset berubah langsung. - History bertambah. - Tidak ada pending approval yang tersisa untuk transition ini. | L22: transition direct | M22: Not Started | P22: https://raw.githubusercontent.com/MuhamadRamdhani/ITAM/main/docs/diagram-per-modul.md
A23: ASSET-019 | B23: Core ITAM | C23: Assets | D23: Lifecycle Panel | E23: Memastikan transition yang membutuhkan approval membuat record approval sebelum state final berubah. | F23: Integration | G23: TENANT_ADMIN/ITAM_MANAGER | H23: High | I23: Siapkan asset dengan transition yang require approval. | J23: 1. Buka Lifecycle Panel. 2. Pilih target state yang butuh approval. 3. Submit transition. 4. Buka modul Approvals untuk memeriksa request. | K23: - Approval baru terbentuk. - Asset belum berpindah ke state final sebelum approval diputuskan. - Setelah approval disetujui, state berubah sesuai workflow. | L23: transition require approval | M23: Not Started | P23: https://raw.githubusercontent.com/MuhamadRamdhani/ITAM/main/docs/diagram-per-modul.md
A24: ASSET-020 | B24: Core ITAM | C24: Assets | D24: Lifecycle Panel | E24: Memastikan UI menampilkan blocked reasons, gate rules, atau evidence required pada transition tertentu. | F24: Negative | G24: TENANT_ADMIN/ITAM_MANAGER | H24: Medium | I24: Siapkan asset yang belum memenuhi gate transition. | J24: 1. Buka Lifecycle Panel. 2. Pilih atau lihat transition yang terblokir. 3. Amati indikator atau alasan blokir. | K24: - User melihat alasan mengapa transition belum bisa dilakukan. - Bila evidence required, indikatornya jelas. - UI membantu user memperbaiki prasyarat sebelum submit. | L24: asset belum memenuhi gate | M24: Not Started | P24: https://raw.githubusercontent.com/MuhamadRamdhani/ITAM/main/docs/panduan-penggunaan-lengkap.md
A25: ASSET-021 | B25: Core ITAM | C25: Assets | D25: Software Installations | E25: Memastikan panel software installations bersifat read untuk role yang diizinkan, termasuk AUDITOR. | F25: Authorization | G25: SUPERADMIN/TENANT_ADMIN/ITAM_MANAGER/AUDITOR | H25: Medium | I25: Asset memiliki data installation atau panel tersedia. | J25: 1. Login dengan role yang berbeda. 2. Buka Asset Detail. 3. Periksa apakah panel installation dapat dibaca. | K25: - Role yang diizinkan dapat membaca data installation. - Role non-authorized tidak melihat data/aksi yang seharusnya tidak tersedia. | M25: Not Started | P25: https://raw.githubusercontent.com/MuhamadRamdhani/ITAM/main/docs/panduan-penggunaan-lengkap.md
A26: ASSET-022 | B26: Core ITAM | C26: Assets | D26: Software Installations | E26: Memastikan role write dapat menambah software installation dengan data yang benar. | F26: Positive | G26: TENANT_ADMIN/ITAM_MANAGER | H26: Medium | I26: Software Product sudah tersedia; asset detail terbuka. | J26: 1. Di Asset Detail, tambah installation baru. 2. Pilih software product. 3. Isi status installation, version, installed/detected dates, dan notes. 4. Simpan. | K26: - Installation baru tercatat pada asset yang benar. - Nilai status sesuai enumerasi yang didukung. - Data tampil kembali pada panel asset detail. | M26: Not Started | P26: https://raw.githubusercontent.com/MuhamadRamdhani/ITAM/main/docs/panduan-penggunaan-lengkap.md
A27: ASSET-023 | B27: Core ITAM | C27: Assets | D27: Software Assignments | E27: Memastikan role write dapat menambah assignment software ke identity tertentu. | F27: Positive | G27: TENANT_ADMIN/ITAM_MANAGER | H27: Medium | I27: Asset detail terbuka; installation tersedia; identity master tersedia. | J27: 1. Pilih software installation. 2. Tambah assignment. 3. Pilih identity, assignment role, dan status. 4. Simpan. | K27: - Assignment tersimpan. - Relasi installation-user benar. - Role/status assignment tampil sesuai pilihan. | M27: Not Started | P27: https://raw.githubusercontent.com/MuhamadRamdhani/ITAM/main/docs/panduan-penggunaan-lengkap.md
A28: ASSET-024 | B28: Core ITAM | C28: Assets | D28: Transfer Action | E28: Memastikan tombol atau link transfer hanya tampil untuk role yang berwenang. | F28: Authorization | G28: SUPERADMIN/TENANT_ADMIN/ITAM_MANAGER/AUDITOR | H28: High | I28: Siapkan beberapa akun role dan minimal satu asset. | J28: 1. Login dengan role berwenang. 2. Buka Assets List/Detail dan catat adanya tombol Transfer. 3. Login dengan AUDITOR atau role non-operasional. 4. Bandingkan UI. | K28: - Transfer action muncul untuk role berwenang. - Transfer action tidak muncul untuk role baca saja. - Tidak ada celah bypass dari UI normal. | M28: Not Started | P28: https://raw.githubusercontent.com/MuhamadRamdhani/ITAM/main/apps/web/app/assets/AssetsClient.tsx
A29: ASSET-025 | B29: Core ITAM | C29: Assets | D29: Coverage Integration | E29: Memastikan asset yang memiliki coverage dates muncul secara benar pada modul Reports / Asset Coverage. | F29: Integration | G29: TENANT_ADMIN/ITAM_MANAGER | H29: Medium | I29: Asset telah dibuat dengan warranty/support/subscription dates. | J29: 1. Buat atau edit asset dengan coverage dates. 2. Buka modul Reports / Asset Coverage. 3. Cari asset tersebut. | K29: - Asset muncul dengan coverage kind yang benar. - Health coverage sesuai rentang tanggal. - Data asset konsisten antara detail asset dan laporan. | M29: Not Started | P29: https://raw.githubusercontent.com/MuhamadRamdhani/ITAM/main/docs/alur-end-to-end-login-sampai-kpi-dan-internal-audit.md

Sheet Approvals
A1: Skenario - Approvals
A2: Gunakan sheet Alur_Per_Role untuk membaca flow user per role sebelum mengeksekusi test case detail di sheet ini.
A4: ID Skenario | B4: Kelompok Area | C4: Modul | D4: Fitur | E4: Tujuan Uji | F4: Jenis Uji | G4: Role Uji | H4: Prioritas | I4: Precondition | J4: Langkah Uji | K4: Hasil yang Diharapkan | L4: Data Uji | M4: Status Eksekusi | N4: Actual Result | O4: Catatan | P4: Sumber Acuan
A5: APPR-001 | B5: Core ITAM | C5: Approvals | D5: Approval Queue | E5: Memastikan queue approval dapat difilter berdasarkan status. | F5: Positive | G5: Tenant-scoped | H5: High | I5: Minimal ada approval status PENDING dan APPROVED. | J5: 1. Buka halaman Approvals. 2. Pilih filter status PENDING. 3. Ulangi untuk APPROVED dan REJECTED. | K5: - List menampilkan approval sesuai status. - Pagination tetap konsisten. - Record yang dibuka sesuai tenant. | M5: Not Started | P5: https://raw.githubusercontent.com/MuhamadRamdhani/ITAM/main/docs/panduan-penggunaan-lengkap.md
A6: APPR-002 | B6: Core ITAM | C6: Approvals | D6: Approve | E6: Memastikan decider yang berwenang dapat approve approval. | F6: Positive | G6: TENANT_ADMIN/ITAM_MANAGER/PROCUREMENT_CONTRACT_MANAGER | H6: High | I6: Tersedia approval PENDING yang valid. | J6: 1. Buka detail approval. 2. Pilih approve. 3. Isi decision note bila tersedia. 4. Submit keputusan. | K6: - Status approval berubah menjadi APPROVED. - Workflow asal menerima hasil approve. - Audit trail keputusan tercatat. | M6: Not Started | P6: https://raw.githubusercontent.com/MuhamadRamdhani/ITAM/main/docs/panduan-penggunaan-lengkap.md
A7: APPR-003 | B7: Core ITAM | C7: Approvals | D7: Reject | E7: Memastikan decider yang berwenang dapat reject approval. | F7: Positive | G7: TENANT_ADMIN/ITAM_MANAGER/PROCUREMENT_CONTRACT_MANAGER | H7: High | I7: Tersedia approval PENDING yang valid. | J7: 1. Buka detail approval. 2. Pilih reject. 3. Isi decision note. 4. Submit keputusan. | K7: - Status approval berubah menjadi REJECTED. - Workflow asal mengikuti hasil reject. - Audit trail keputusan tercatat. | M7: Not Started | P7: https://raw.githubusercontent.com/MuhamadRamdhani/ITAM/main/docs/panduan-penggunaan-lengkap.md
A8: APPR-004 | B8: Core ITAM | C8: Approvals | D8: Decision Guard | E8: Memastikan role non-decider tidak dapat mengambil keputusan approval. | F8: Authorization | G8: AUDITOR/ASSET_CUSTODIAN | H8: High | I8: Approval PENDING tersedia. | J8: 1. Login sebagai role non-decider. 2. Buka detail approval. 3. Coba jalankan approve/reject. | K8: - Aksi decision tidak tersedia atau ditolak backend. - Status approval tetap tidak berubah. | M8: Not Started | P8: https://raw.githubusercontent.com/MuhamadRamdhani/ITAM/main/docs/matriks-akses-role.md
A9: APPR-005 | B9: Core ITAM | C9: Approvals | D9: Approval Detail | E9: Memastikan detail approval menampilkan sumber workflow, requester, status, dan catatan keputusan. | F9: Positive | G9: Tenant-scoped | H9: Medium | I9: Approval dengan source_type dan source_id valid tersedia. | J9: 1. Buka halaman Approvals. 2. Pilih salah satu approval. 3. Buka detail approval. 4. Tinjau informasi header dan body. | K9: - Detail approval memuat source workflow, status, requester, created at, dan note. - User memahami approval ini berasal dari modul mana. - Tidak ada field penting yang kosong tanpa penjelasan. | M9: Not Started | P9: https://raw.githubusercontent.com/MuhamadRamdhani/ITAM/main/docs/diagram-per-modul.md
A10: APPR-006 | B10: Core ITAM | C10: Approvals | D10: Approval Queue | E10: Memastikan queue approval dapat dicari berdasarkan keyword dan source workflow. | F10: Positive | G10: Tenant-scoped | H10: Medium | I10: Tersedia approval dari lebih dari satu source workflow. | J10: 1. Buka halaman Approvals. 2. Gunakan keyword pencarian atau filter source workflow bila tersedia. 3. Bandingkan hasil sebelum dan sesudah filter. | K10: - Hasil queue menyempit sesuai keyword/source. - Approval dari modul berbeda dapat dibedakan. - Tidak ada data tenant lain yang ikut tampil. | M10: Not Started | P10: https://raw.githubusercontent.com/MuhamadRamdhani/ITAM/main/docs/generate-itam-test-scenarios.ps1
A11: APPR-007 | B11: Core ITAM | C11: Approvals | D11: Reject | E11: Memastikan reject yang membutuhkan decision note tidak dapat disubmit tanpa catatan. | F11: Negative | G11: TENANT_ADMIN/ITAM_MANAGER/PROCUREMENT_CONTRACT_MANAGER | H11: Medium | I11: Approval PENDING tersedia; policy note reject diterapkan atau disimulasikan. | J11: 1. Buka detail approval PENDING. 2. Pilih Reject. 3. Kosongkan decision note. 4. Submit keputusan. | K11: - Sistem menolak submit reject tanpa data wajib. - Pesan validasi tampil. - Status approval tetap PENDING sampai input lengkap. | M11: Not Started | P11: https://raw.githubusercontent.com/MuhamadRamdhani/ITAM/main/docs/panduan-penggunaan-lengkap.md
A12: APPR-008 | B12: Core ITAM | C12: Approvals | D12: Source Workflow Sync | E12: Memastikan approve mengubah status atau kelanjutan workflow asal secara konsisten. | F12: Integration | G12: TENANT_ADMIN/ITAM_MANAGER/PROCUREMENT_CONTRACT_MANAGER | H12: High | I12: Tersedia approval yang berasal dari lifecycle asset atau workflow lain. | J12: 1. Catat status record sumber sebelum approval. 2. Approve approval terkait. 3. Kembali ke modul sumber. 4. Periksa status record sumber. | K12: - Record sumber menerima hasil approve. - State/phase workflow asal berubah sesuai aturan. - Audit trail di approval dan source tetap sinkron. | M12: Not Started | P12: https://raw.githubusercontent.com/MuhamadRamdhani/ITAM/main/docs/alur-end-to-end-login-sampai-kpi-dan-internal-audit.md
A13: APPR-009 | B13: Core ITAM | C13: Approvals | D13: Source Workflow Sync | E13: Memastikan reject menghentikan atau mengembalikan workflow asal sesuai aturan. | F13: Integration | G13: TENANT_ADMIN/ITAM_MANAGER/PROCUREMENT_CONTRACT_MANAGER | H13: High | I13: Tersedia approval yang berasal dari workflow aktif. | J13: 1. Catat status record sumber. 2. Reject approval. 3. Kembali ke modul sumber. 4. Periksa hasil akhir di record sumber. | K13: - Workflow asal mengikuti hasil reject. - Tidak ada state final yang salah seolah-olah approve. - Catatan keputusan dapat dilihat ulang. | M13: Not Started | P13: https://raw.githubusercontent.com/MuhamadRamdhani/ITAM/main/docs/alur-end-to-end-login-sampai-kpi-dan-internal-audit.md
A14: APPR-010 | B14: Core ITAM | C14: Approvals | D14: Duplicate Decision Guard | E14: Memastikan approval yang sudah diputuskan tidak bisa diputuskan ulang. | F14: Negative | G14: TENANT_ADMIN/ITAM_MANAGER/PROCUREMENT_CONTRACT_MANAGER | H14: High | I14: Approval APPROVED atau REJECTED tersedia. | J14: 1. Buka approval yang sudah final. 2. Coba jalankan approve/reject lagi. 3. Amati tombol aksi dan respons backend. | K14: - Aksi decision kedua tidak tersedia atau ditolak. - Status approval final tetap sama. - Tidak ada audit trail ganda yang menyalahi logika workflow. | M14: Not Started | P14: https://raw.githubusercontent.com/MuhamadRamdhani/ITAM/main/docs/generate-itam-test-scenarios.ps1
A15: APPR-011 | B15: Core ITAM | C15: Approvals | D15: Read History | E15: Memastikan histori keputusan approval dapat dibaca kembali oleh role baca. | F15: Positive | G15: AUDITOR/TENANT_ADMIN/ITAM_MANAGER | H15: Medium | I15: Approval final tersedia. | J15: 1. Buka detail approval yang sudah final. 2. Periksa status akhir, note, actor, dan timestamp. 3. Cocokkan dengan workflow sumber bila perlu. | K15: - Histori keputusan jelas. - Actor dan waktu keputusan terbaca. - Approval final tetap read-only. | M15: Not Started | P15: https://raw.githubusercontent.com/MuhamadRamdhani/ITAM/main/docs/diagram-per-modul.md
A16: APPR-012 | B16: Core ITAM | C16: Approvals | D16: Tenant Isolation | E16: Memastikan approval hanya menampilkan data tenant milik user yang login. | F16: Authorization | G16: Semua role yang dapat membuka approvals | H16: High | I16: Siapkan dua tenant dengan approval berbeda. | J16: 1. Login tenant A dan catat approval di queue. 2. Logout lalu login tenant B. 3. Bandingkan queue dan detail yang bisa dibuka. | K16: - Tiap tenant hanya melihat approval tenant sendiri. - Tidak ada kebocoran source workflow lintas tenant. - Akses detail approval tenant lain ditolak. | M16: Not Started | P16: https://raw.githubusercontent.com/MuhamadRamdhani/ITAM/main/docs/matriks-akses-role.md

Sheet Documents
A1: Skenario - Documents
A2: Gunakan sheet Alur_Per_Role untuk membaca flow user per role sebelum mengeksekusi test case detail di sheet ini.
A4: ID Skenario | B4: Kelompok Area | C4: Modul | D4: Fitur | E4: Tujuan Uji | F4: Jenis Uji | G4: Role Uji | H4: Prioritas | I4: Precondition | J4: Langkah Uji | K4: Hasil yang Diharapkan | L4: Data Uji | M4: Status Eksekusi | N4: Actual Result | O4: Catatan | P4: Sumber Acuan
A5: DOC-001 | B5: Dokumen & Bukti | C5: Documents | D5: Documents List | E5: Memastikan dokumen dapat dicari berdasarkan status dan type. | F5: Positive | G5: Tenant-scoped | H5: High | I5: Minimal ada dokumen di beberapa status. | J5: 1. Buka Documents. 2. Filter status DRAFT / IN_REVIEW / APPROVED / PUBLISHED / ARCHIVED. 3. Isi Type bila perlu. 4. Amati hasil list. | K5: - List sesuai filter. - Status workflow mudah dipantau. - Search/filter tidak menampilkan data tenant lain. | M5: Not Started | P5: https://raw.githubusercontent.com/MuhamadRamdhani/ITAM/main/docs/panduan-penggunaan-lengkap.md
A6: DOC-002 | B6: Dokumen & Bukti | C6: Documents | D6: Create Draft | E6: Memastikan dokumen baru dan initial version berhasil dibuat. | F6: Positive | G6: TENANT_ADMIN/ITAM_MANAGER | H6: High | I6: User memiliki role write. | J6: 1. Buka Documents. 2. Klik New Document. 3. Isi doc_type_code, title, dan content_json. 4. Simpan. | K6: - Dokumen baru tersimpan. - Version 1 terbentuk. - Status awal sesuai workflow awal. | M6: Not Started | P6: https://raw.githubusercontent.com/MuhamadRamdhani/ITAM/main/docs/panduan-penggunaan-lengkap.md
A7: DOC-003 | B7: Dokumen & Bukti | C7: Documents | D7: Submit for Review | E7: Memastikan dokumen dapat dipindahkan dari DRAFT ke IN_REVIEW. | F7: Positive | G7: TENANT_ADMIN/ITAM_MANAGER | H7: High | I7: Dokumen status DRAFT tersedia. | J7: 1. Buka detail dokumen DRAFT. 2. Klik submit / action setara. 3. Konfirmasi aksi. | K7: - Status berubah menjadi IN_REVIEW. - Dokumen siap masuk proses review formal. | M7: Not Started | P7: https://raw.githubusercontent.com/MuhamadRamdhani/ITAM/main/docs/panduan-penggunaan-lengkap.md
A8: DOC-004 | B8: Dokumen & Bukti | C8: Documents | D8: Approve-Publish-Archive | E8: Memastikan workflow akhir dokumen berjalan berurutan. | F8: Integration | G8: TENANT_ADMIN | H8: High | I8: Dokumen berada di status IN_REVIEW atau APPROVED sesuai langkah yang diuji. | J8: 1. Buka detail dokumen. 2. Lakukan action approve. 3. Lanjutkan publish. 4. Terakhir lakukan archive bila tersedia. | K8: - Dokumen bergerak sesuai urutan status. - Status akhir sesuai aksi yang dipilih. - Tidak ada lompatan status yang tidak valid. | M8: Not Started | P8: https://raw.githubusercontent.com/MuhamadRamdhani/ITAM/main/docs/panduan-penggunaan-lengkap.md
A9: DOC-005 | B9: Dokumen & Bukti | C9: Documents | D9: Edit Restriction | E9: Memastikan dokumen yang sudah final tidak bisa diedit sembarangan. | F9: Authorization | G9: TENANT_ADMIN/ITAM_MANAGER | H9: Medium | I9: Dokumen PUBLISHED atau ARCHIVED tersedia. | J9: 1. Buka dokumen dengan status final. 2. Coba ubah isi dokumen. 3. Simpan perubahan. | K9: - Edit dibatasi atau ditolak. - Integritas versioning tetap terjaga. | M9: Not Started | P9: https://raw.githubusercontent.com/MuhamadRamdhani/ITAM/main/docs/alur-end-to-end-login-sampai-kpi-dan-internal-audit.md
A10: DOC-006 | B10: Dokumen & Bukti | C10: Documents | D10: Versioning | E10: Memastikan perubahan dokumen membentuk versi baru dan histori versi dapat dibaca. | F10: Integration | G10: TENANT_ADMIN/ITAM_MANAGER | H10: High | I10: Dokumen draft atau dokumen yang dapat direvisi tersedia. | J10: 1. Buka detail dokumen. 2. Lakukan perubahan isi atau metadata yang diizinkan. 3. Simpan revisi. 4. Buka daftar versi/histori dokumen. | K10: - Versi baru terbentuk sesuai aturan. - Versi lama tetap dapat ditelusuri. - User dapat membedakan versi aktif dan versi sebelumnya. | M10: Not Started | P10: https://raw.githubusercontent.com/MuhamadRamdhani/ITAM/main/docs/diagram-per-modul.md
A11: DOC-007 | B11: Dokumen & Bukti | C11: Documents | D11: Filter & Search | E11: Memastikan dokumen dapat dicari berdasarkan judul/keyword dan dipantau berdasarkan status workflow. | F11: Positive | G11: Tenant-scoped | H11: Medium | I11: Minimal ada beberapa dokumen dengan judul dan status berbeda. | J11: 1. Buka Documents. 2. Cari berdasarkan keyword judul. 3. Kombinasikan dengan filter status. 4. Buka satu hasil pencarian. | K11: - Hasil list sesuai kombinasi keyword dan status. - Dokumen target mudah ditemukan. - Detail dokumen yang dibuka sesuai hasil filter. | M11: Not Started | P11: https://raw.githubusercontent.com/MuhamadRamdhani/ITAM/main/docs/panduan-penggunaan-lengkap.md
A12: DOC-008 | B12: Dokumen & Bukti | C12: Documents | D12: Workflow Guard | E12: Memastikan publish tidak dapat dilakukan langsung dari DRAFT tanpa urutan workflow yang benar. | F12: Negative | G12: TENANT_ADMIN | H12: High | I12: Dokumen status DRAFT tersedia. | J12: 1. Buka detail dokumen DRAFT. 2. Coba jalankan action publish secara langsung bila tombol/route tersedia. 3. Amati hasil. | K12: - Publish langsung ditolak atau tombol tidak tersedia. - Dokumen harus melewati urutan workflow yang valid. - Status tetap konsisten. | M12: Not Started | P12: https://raw.githubusercontent.com/MuhamadRamdhani/ITAM/main/docs/alur-end-to-end-login-sampai-kpi-dan-internal-audit.md
A13: DOC-009 | B13: Dokumen & Bukti | C13: Documents | D13: Evidence Relation | E13: Memastikan evidence dapat ditautkan dari detail dokumen. | F13: Integration | G13: TENANT_ADMIN/ITAM_MANAGER | H13: High | I13: Dokumen tersedia; file evidence tersedia di library. | J13: 1. Buka detail dokumen. 2. Pilih attach/add evidence. 3. Pilih file dari library evidence. 4. Simpan relation. | K13: - Evidence tampil di detail dokumen. - Relation tersimpan dan bisa dibuka ulang. - Dokumen memiliki bukti pendukung formal. | M13: Not Started | P13: https://raw.githubusercontent.com/MuhamadRamdhani/ITAM/main/docs/diagram-per-modul.md
A14: DOC-010 | B14: Dokumen & Bukti | C14: Documents | D14: Read Access | E14: Memastikan role baca dapat membuka dokumen tanpa bisa mengubah workflow atau isi final. | F14: Authorization | G14: AUDITOR | H14: Medium | I14: Dokumen pada beberapa status tersedia. | J14: 1. Login sebagai AUDITOR. 2. Buka list dan detail dokumen. 3. Coba edit isi atau ubah status dokumen. | K14: - Dokumen dapat dibaca. - Action write/workflow tidak tersedia atau ditolak. - Status dan isi tidak berubah. | M14: Not Started | P14: https://raw.githubusercontent.com/MuhamadRamdhani/ITAM/main/docs/matriks-akses-role.md
A15: DOC-011 | B15: Dokumen & Bukti | C15: Documents | D15: Archive | E15: Memastikan dokumen archived tetap dapat ditelusuri tetapi tidak aktif untuk edit lanjutan. | F15: Positive | G15: TENANT_ADMIN | H15: Medium | I15: Dokumen PUBLISHED tersedia. | J15: 1. Archive dokumen yang telah published. 2. Cari kembali dokumen tersebut di list. 3. Buka detail archived document. | K15: - Status berubah menjadi ARCHIVED. - Dokumen masih dapat ditemukan untuk referensi. - Tidak ada edit aktif yang merusak jejak final. | M15: Not Started | P15: https://raw.githubusercontent.com/MuhamadRamdhani/ITAM/main/docs/panduan-penggunaan-lengkap.md
A16: DOC-012 | B16: Dokumen & Bukti | C16: Documents | D16: Tenant Isolation | E16: Memastikan dokumen tenant lain tidak dapat dilihat atau dibuka. | F16: Authorization | G16: Tenant-scoped | H16: High | I16: Siapkan tenant A dan tenant B dengan dokumen masing-masing. | J16: 1. Login tenant A dan catat dokumen yang terlihat. 2. Login tenant B. 3. Coba akses ID dokumen tenant A dari tenant B. | K16: - List hanya menampilkan dokumen tenant aktif. - Akses detail dokumen tenant lain ditolak. - Tidak ada kebocoran versi atau content JSON lintas tenant. | M16: Not Started | P16: https://raw.githubusercontent.com/MuhamadRamdhani/ITAM/main/docs/matriks-akses-role.md

Sheet Evidence
A1: Skenario - Evidence
A2: Gunakan sheet Alur_Per_Role untuk membaca flow user per role sebelum mengeksekusi test case detail di sheet ini.
A4: ID Skenario | B4: Kelompok Area | C4: Modul | D4: Fitur | E4: Tujuan Uji | F4: Jenis Uji | G4: Role Uji | H4: Prioritas | I4: Precondition | J4: Langkah Uji | K4: Hasil yang Diharapkan | L4: Data Uji | M4: Status Eksekusi | N4: Actual Result | O4: Catatan | P4: Sumber Acuan
A5: EVID-001 | B5: Dokumen & Bukti | C5: Evidence | D5: Upload | E5: Memastikan file evidence valid dapat di-upload. | F5: Positive | G5: TENANT_ADMIN/ITAM_MANAGER/ASSET_CUSTODIAN | H5: High | I5: User role valid; file ukuran dan tipe diperbolehkan tersedia. | J5: 1. Buka halaman Evidence. 2. Pilih file yang valid. 3. Submit upload. 4. Refresh library evidence. | K5: - File tersimpan di library. - Metadata file dapat dicari. - File dapat diunduh. | L5: contoh: PDF/JPG/PNG di bawah limit | M5: Not Started | P5: https://raw.githubusercontent.com/MuhamadRamdhani/ITAM/main/docs/panduan-penggunaan-lengkap.md
A6: EVID-002 | B6: Dokumen & Bukti | C6: Evidence | D6: Upload Validation | E6: Memastikan file yang melanggar aturan upload ditolak. | F6: Negative | G6: TENANT_ADMIN/ITAM_MANAGER/ASSET_CUSTODIAN | H6: High | I6: Siapkan file dengan ukuran atau tipe yang tidak diperbolehkan. | J6: 1. Buka halaman Evidence. 2. Pilih file yang tidak valid. 3. Submit upload. | K6: - Upload ditolak. - Pesan validasi tampil. - Tidak ada record evidence baru. | M6: Not Started | P6: https://raw.githubusercontent.com/MuhamadRamdhani/ITAM/main/docs/panduan-penggunaan-lengkap.md
A7: EVID-003 | B7: Dokumen & Bukti | C7: Evidence | D7: Attach to Record | E7: Memastikan evidence dapat dihubungkan ke asset/document/approval/contract. | F7: Integration | G7: TENANT_ADMIN/ITAM_MANAGER/ASSET_CUSTODIAN | H7: High | I7: Tersedia file evidence dan record target. | J7: 1. Buka record target. 2. Pilih attach evidence. 3. Pilih file evidence dari library. 4. Simpan relation. | K7: - Evidence tampil di record target. - Relation tersimpan dan dapat dibuka ulang. - Tidak ada duplikasi relation yang tidak perlu. | M7: Not Started | P7: https://raw.githubusercontent.com/MuhamadRamdhani/ITAM/main/docs/panduan-penggunaan-lengkap.md
A8: EVID-004 | B8: Dokumen & Bukti | C8: Evidence | D8: Search & Download | E8: Memastikan evidence dapat dicari dari library dan diunduh kembali. | F8: Positive | G8: Tenant-scoped | H8: Medium | I8: Evidence sudah ada di library. | J8: 1. Cari evidence berdasarkan filename, mime, atau sha. 2. Buka hasil pencarian. 3. Unduh file. | K8: - Search mengembalikan file yang benar. - Download berhasil. - File hasil download sesuai file asal. | M8: Not Started | P8: https://raw.githubusercontent.com/MuhamadRamdhani/ITAM/main/docs/panduan-penggunaan-lengkap.md
A9: EVID-005 | B9: Dokumen & Bukti | C9: Evidence | D9: Evidence Link | E9: Memastikan evidence link (URL) dapat dibuat dan digunakan sebagai bukti non-file. | F9: Positive | G9: TENANT_ADMIN/ITAM_MANAGER | H9: Medium | I9: Fitur evidence link tersedia; URL valid disiapkan. | J9: 1. Buka modul Evidence atau record target. 2. Pilih tambah evidence link. 3. Isi judul/label dan URL. 4. Simpan. | K9: - Evidence link tersimpan. - URL dapat dibuka kembali dari record. - Bukti non-file terdokumentasi dengan rapi. | M9: Not Started | P9: https://raw.githubusercontent.com/MuhamadRamdhani/ITAM/main/docs/diagram-per-modul.md
A10: EVID-006 | B10: Dokumen & Bukti | C10: Evidence | D10: Detach Relation | E10: Memastikan relation evidence ke record dapat dilepas tanpa menghapus library utamanya. | F10: Positive | G10: TENANT_ADMIN/ITAM_MANAGER/ASSET_CUSTODIAN | H10: Medium | I10: Evidence sudah ter-attach ke asset/document/contract. | J10: 1. Buka detail record target. 2. Pilih unlink/detach evidence. 3. Simpan perubahan. 4. Cek library evidence. | K10: - Relation ke record target hilang. - File utama tetap ada di library evidence. - Record target tidak lagi menampilkan evidence tersebut. | M10: Not Started | P10: https://raw.githubusercontent.com/MuhamadRamdhani/ITAM/main/docs/panduan-penggunaan-lengkap.md
A11: EVID-007 | B11: Dokumen & Bukti | C11: Evidence | D11: Max Size Guard | E11: Memastikan file melebihi limit upload ditolak. | F11: Negative | G11: TENANT_ADMIN/ITAM_MANAGER/ASSET_CUSTODIAN | H11: High | I11: Siapkan file di atas limit upload yang berlaku. | J11: 1. Buka halaman upload evidence. 2. Pilih file yang ukurannya melebihi limit. 3. Submit upload. | K11: - Upload ditolak. - Pesan limit ukuran tampil. - Tidak ada record evidence baru yang tersimpan. | L11: contoh file > 10 MB | M11: Not Started | P11: https://raw.githubusercontent.com/MuhamadRamdhani/ITAM/main/docs/panduan-penggunaan-lengkap.md
A12: EVID-008 | B12: Dokumen & Bukti | C12: Evidence | D12: Duplicate Attach Guard | E12: Memastikan attach evidence yang sama ke target yang sama tidak menimbulkan duplikasi relation yang tidak perlu. | F12: Negative | G12: TENANT_ADMIN/ITAM_MANAGER | H12: Medium | I12: Satu evidence sudah lebih dulu di-attach ke record target. | J12: 1. Buka record target. 2. Pilih attach evidence yang sama sekali lagi. 3. Simpan relation. | K12: - Sistem mencegah duplikasi relation atau menampilkan warning yang jelas. - Detail target tidak berisi relation ganda yang membingungkan. | M12: Not Started | P12: https://raw.githubusercontent.com/MuhamadRamdhani/ITAM/main/docs/generate-itam-test-scenarios.ps1
A13: EVID-009 | B13: Dokumen & Bukti | C13: Evidence | D13: Metadata Library | E13: Memastikan metadata evidence seperti nama file, mime type, size, checksum/sha dapat dibaca dari library. | F13: Positive | G13: Tenant-scoped | H13: Low | I13: Evidence tersimpan di library. | J13: 1. Buka library evidence. 2. Buka salah satu record. 3. Periksa metadata file yang ditampilkan. | K13: - Metadata utama tampil. - User dapat mengenali file tanpa harus men-download lebih dulu. - Pencarian berbasis metadata lebih mudah dilakukan. | M13: Not Started | P13: https://raw.githubusercontent.com/MuhamadRamdhani/ITAM/main/docs/diagram-per-modul.md
A14: EVID-010 | B14: Dokumen & Bukti | C14: Evidence | D14: Read-Only Guard | E14: Memastikan role baca hanya dapat melihat evidence tanpa upload/attach/unlink. | F14: Authorization | G14: AUDITOR | H14: Medium | I14: Evidence library tersedia. | J14: 1. Login sebagai AUDITOR. 2. Buka library evidence dan salah satu record target. 3. Coba upload atau unlink evidence. | K14: - Evidence dapat dibaca/diunduh bila diizinkan. - Tombol write tidak tersedia atau backend menolak. - Integritas relation tetap aman. | M14: Not Started | P14: https://raw.githubusercontent.com/MuhamadRamdhani/ITAM/main/docs/matriks-akses-role.md

Sheet Audit Events
A1: Skenario - Audit Events
A2: Gunakan sheet Alur_Per_Role untuk membaca flow user per role sebelum mengeksekusi test case detail di sheet ini.
A4: ID Skenario | B4: Kelompok Area | C4: Modul | D4: Fitur | E4: Tujuan Uji | F4: Jenis Uji | G4: Role Uji | H4: Prioritas | I4: Precondition | J4: Langkah Uji | K4: Hasil yang Diharapkan | L4: Data Uji | M4: Status Eksekusi | N4: Actual Result | O4: Catatan | P4: Sumber Acuan
A5: AUD-001 | B5: Dokumen & Bukti | C5: Audit Events | D5: Filter Audit Trail | E5: Memastikan audit trail dapat difilter untuk investigasi. | F5: Positive | G5: SUPERADMIN/TENANT_ADMIN/ITAM_MANAGER/AUDITOR | H5: High | I5: Data audit event tersedia. | J5: 1. Buka Audit Events. 2. Filter berdasarkan actor, entity, action, status, dan tanggal. 3. Buka beberapa record hasil. | K5: - Record audit menyesuaikan filter. - Payload/detail dapat dibaca. - Data tetap read-only. | M5: Not Started | P5: https://raw.githubusercontent.com/MuhamadRamdhani/ITAM/main/docs/panduan-penggunaan-lengkap.md
A6: AUD-002 | B6: Dokumen & Bukti | C6: Audit Events | D6: Read-Only Guard | E6: Memastikan audit trail tidak menyediakan aksi perubahan data. | F6: Authorization | G6: Semua role yang bisa baca | H6: Medium | I6: User dapat membuka Audit Events. | J6: 1. Buka Audit Events. 2. Periksa apakah ada tombol create/update/delete. 3. Coba lakukan perubahan bila ada tombol yang mencurigakan. | K6: - Tidak ada aksi write. - Data audit tetap read-only. | M6: Not Started | P6: https://raw.githubusercontent.com/MuhamadRamdhani/ITAM/main/docs/panduan-penggunaan-lengkap.md
A7: AUD-003 | B7: Dokumen & Bukti | C7: Audit Events | D7: Export | E7: Memastikan data audit dapat diexport. | F7: Positive | G7: SUPERADMIN/TENANT_ADMIN/ITAM_MANAGER/AUDITOR | H7: Medium | I7: Fitur export tersedia. | J7: 1. Buka Audit Events. 2. Terapkan filter tertentu. 3. Klik Export / JSON export. 4. Buka file hasil export. | K7: - File export berhasil diunduh. - Konten export sesuai filter yang diterapkan. | M7: Not Started | P7: https://raw.githubusercontent.com/MuhamadRamdhani/ITAM/main/docs/generate-itam-test-scenarios.ps1
A8: AUD-004 | B8: Dokumen & Bukti | C8: Audit Events | D8: Module Filter | E8: Memastikan audit events dapat difilter berdasarkan modul atau entity type. | F8: Positive | G8: SUPERADMIN/TENANT_ADMIN/ITAM_MANAGER/AUDITOR | H8: Medium | I8: Audit event dari beberapa modul tersedia. | J8: 1. Buka Audit Events. 2. Gunakan filter modul/entity. 3. Bandingkan hasil sebelum dan sesudah filter. | K8: - Hasil audit events menyempit sesuai modul/entity. - Event dari modul lain tidak mendominasi hasil. - Tracking perubahan per area menjadi lebih mudah. | M8: Not Started | P8: https://raw.githubusercontent.com/MuhamadRamdhani/ITAM/main/docs/diagram-per-modul.md
A9: AUD-005 | B9: Dokumen & Bukti | C9: Audit Events | D9: Actor & Date Filter | E9: Memastikan audit events dapat difilter berdasarkan actor dan rentang waktu. | F9: Positive | G9: SUPERADMIN/TENANT_ADMIN/ITAM_MANAGER/AUDITOR | H9: Medium | I9: Audit event dengan actor dan tanggal berbeda tersedia. | J9: 1. Buka Audit Events. 2. Pilih actor tertentu dan rentang tanggal. 3. Terapkan filter. | K9: - Daftar event mengikuti actor dan tanggal yang dipilih. - Event lama/berbeda actor tidak ikut tampil. - Filter membantu investigasi insiden/perubahan. | M9: Not Started | P9: https://raw.githubusercontent.com/MuhamadRamdhani/ITAM/main/docs/panduan-penggunaan-lengkap.md
A10: AUD-006 | B10: Dokumen & Bukti | C10: Audit Events | D10: Payload View | E10: Memastikan payload JSON atau detail perubahan dapat dibuka tanpa error. | F10: Positive | G10: SUPERADMIN/TENANT_ADMIN/ITAM_MANAGER/AUDITOR | H10: High | I10: Audit event dengan payload tersedia. | J10: 1. Buka salah satu event. 2. Tampilkan payload/detail change. 3. Periksa format dan keterbacaan data. | K10: - Payload/detail change tampil dengan format yang dapat dibaca. - Informasi before/after atau action context terlihat. - Tidak terjadi error render JSON. | M10: Not Started | P10: https://raw.githubusercontent.com/MuhamadRamdhani/ITAM/main/docs/alur-end-to-end-login-sampai-kpi-dan-internal-audit.md
A11: AUD-007 | B11: Dokumen & Bukti | C11: Audit Events | D11: Read-Only Guard | E11: Memastikan audit events benar-benar read-only dan tidak menyediakan aksi perubahan data. | F11: Authorization | G11: SUPERADMIN/TENANT_ADMIN/ITAM_MANAGER/AUDITOR | H11: High | I11: User dapat membuka modul Audit Events. | J11: 1. Buka Audit Events. 2. Tinjau semua action yang tersedia. 3. Coba cari tombol edit/delete/reprocess. | K11: - Audit Events hanya menyediakan baca/filter/detail. - Tidak ada aksi mutasi terhadap record audit. - Integritas trail tetap terjaga. | M11: Not Started | P11: https://raw.githubusercontent.com/MuhamadRamdhani/ITAM/main/docs/diagram-per-modul.md
A12: AUD-008 | B12: Dokumen & Bukti | C12: Audit Events | D12: Tenant Isolation | E12: Memastikan event audit tenant lain tidak muncul pada tenant aktif. | F12: Authorization | G12: Tenant-scoped | H12: High | I12: Siapkan dua tenant dengan aktivitas berbeda. | J12: 1. Login tenant A dan buka Audit Events. 2. Catat event yang muncul. 3. Login tenant B dan bandingkan. | K12: - Tiap tenant hanya melihat audit trail tenant sendiri. - Tidak ada kebocoran actor, payload, atau entity lintas tenant. | M12: Not Started | P12: https://raw.githubusercontent.com/MuhamadRamdhani/ITAM/main/docs/matriks-akses-role.md

Sheet Governance
A1: Skenario - Governance
A2: Gunakan sheet Alur_Per_Role untuk membaca flow user per role sebelum mengeksekusi test case detail di sheet ini.
A4: ID Skenario | B4: Kelompok Area | C4: Modul | D4: Fitur | E4: Tujuan Uji | F4: Jenis Uji | G4: Role Uji | H4: Prioritas | I4: Precondition | J4: Langkah Uji | K4: Hasil yang Diharapkan | L4: Data Uji | M4: Status Eksekusi | N4: Actual Result | O4: Catatan | P4: Sumber Acuan
A5: GOV-001 | B5: Governance & Assurance | C5: Governance | D5: Scope Versions | E5: Memastikan draft scope version dapat dibuat. | F5: Positive | G5: SUPERADMIN/TENANT_ADMIN/ITAM_MANAGER | H5: High | I5: Asset types, departments, dan locations master sudah ada. | J5: 1. Buka Governance Scope. 2. Klik create draft. 3. Isi Version Note, scope selections, environment, dan catatan tambahan. 4. Simpan. | K5: - Draft scope tersimpan. - Status awal berada di DRAFT. - Pilihan scope tersimpan lengkap. | M5: Not Started | P5: https://raw.githubusercontent.com/MuhamadRamdhani/ITAM/main/docs/panduan-penggunaan-lengkap.md
A6: GOV-002 | B6: Governance & Assurance | C6: Governance | D6: Scope Workflow | E6: Memastikan scope version dapat disubmit, di-approve, dan di-activate. | F6: Integration | G6: SUPERADMIN/TENANT_ADMIN/ITAM_MANAGER | H6: High | I6: Scope draft tersedia. | J6: 1. Buka draft scope. 2. Submit scope. 3. Jalankan approve. 4. Aktifkan scope yang telah approved. | K6: - Status berubah berurutan menjadi SUBMITTED, APPROVED, lalu ACTIVE. - Versi active sebelumnya menjadi SUPERSEDED bila ada. - Riwayat scope konsisten. | M6: Not Started | P6: https://raw.githubusercontent.com/MuhamadRamdhani/ITAM/main/docs/panduan-penggunaan-lengkap.md
A7: GOV-003 | B7: Governance & Assurance | C7: Governance | D7: Context Register | E7: Memastikan context register dapat dibuat dan diperbarui. | F7: Positive | G7: SUPERADMIN/TENANT_ADMIN/ITAM_MANAGER | H7: Medium | I7: Identities tenant tersedia. | J7: 1. Buka Governance Context. 2. Buat entri baru dengan Category, Priority, Status, Owner Identity, dan Review Date. 3. Simpan. 4. Edit satu field lalu simpan ulang. | K7: - Entry context tersimpan. - Edit berhasil dipersist. - Category/status/priority sesuai opsi yang disediakan. | M7: Not Started | P7: https://raw.githubusercontent.com/MuhamadRamdhani/ITAM/main/docs/panduan-penggunaan-lengkap.md
A8: GOV-004 | B8: Governance & Assurance | C8: Governance | D8: Stakeholder Register | E8: Memastikan stakeholder register dapat dibuat dan dipantau. | F8: Positive | G8: SUPERADMIN/TENANT_ADMIN/ITAM_MANAGER | H8: Medium | I8: Identities tenant tersedia. | J8: 1. Buka Governance Stakeholders. 2. Buat stakeholder baru dengan category, priority, status, owner, expectations, dan review date. 3. Simpan. | K8: - Stakeholder tersimpan. - Review date dan owner tercatat. - Category sesuai daftar yang valid. | M8: Not Started | P8: https://raw.githubusercontent.com/MuhamadRamdhani/ITAM/main/docs/panduan-penggunaan-lengkap.md
A9: GOV-005 | B9: Governance & Assurance | C9: Governance | D9: Read Access | E9: Memastikan AUDITOR hanya memiliki akses baca pada governance. | F9: Authorization | G9: AUDITOR | H9: High | I9: Data governance tersedia. | J9: 1. Login sebagai AUDITOR. 2. Buka scope/context/stakeholders. 3. Coba cari tombol create/edit/submit. | K9: - AUDITOR dapat membaca data. - Aksi write tidak tersedia atau ditolak. | M9: Not Started | P9: https://raw.githubusercontent.com/MuhamadRamdhani/ITAM/main/docs/matriks-akses-role.md
A10: GOV-006 | B10: Governance & Assurance | C10: Governance | D10: Review Date Monitoring | E10: Memastikan field review date dapat dipakai untuk monitoring entri governance. | F10: Positive | G10: SUPERADMIN/TENANT_ADMIN/ITAM_MANAGER/AUDITOR | H10: Low | I10: Entry governance dengan review date tersedia. | J10: 1. Buka list context atau stakeholders. 2. Urutkan/cari entri yang review date-nya dekat. 3. Buka detail entri. | K10: - Review date terbaca jelas. - Data owner dan status mendukung tindak lanjut. | M10: Not Started | P10: https://raw.githubusercontent.com/MuhamadRamdhani/ITAM/main/docs/alur-end-to-end-login-sampai-kpi-dan-internal-audit.md
A11: GOV-007 | B11: Governance & Assurance | C11: Governance | D11: Scope Activate Supersede | E11: Memastikan scope version yang baru aktif men-supersede scope aktif sebelumnya. | F11: Integration | G11: TENANT_ADMIN/ITAM_MANAGER | H11: High | I11: Sudah ada satu scope version aktif dan satu draft baru. | J11: 1. Buat atau siapkan scope version baru. 2. Submit, approve, lalu activate scope baru. 3. Buka daftar scope versions. | K11: - Scope baru menjadi aktif. - Scope aktif sebelumnya tidak lagi aktif. - Riwayat versi tetap dapat ditelusuri. | M11: Not Started | P11: https://raw.githubusercontent.com/MuhamadRamdhani/ITAM/main/docs/diagram-per-modul.md
A12: GOV-008 | B12: Governance & Assurance | C12: Governance | D12: Scope Workflow Guard | E12: Memastikan action activate tidak bisa dilakukan sebelum submit/approve sesuai urutan workflow. | F12: Negative | G12: TENANT_ADMIN/ITAM_MANAGER | H12: High | I12: Scope version masih di tahap awal/draft. | J12: 1. Buka detail scope version draft. 2. Coba jalankan activate langsung. 3. Amati hasil. | K12: - Action invalid ditolak atau tidak tersedia. - Scope tetap berada di status semula. - Workflow hanya dapat bergerak sesuai urutan. | M12: Not Started | P12: https://raw.githubusercontent.com/MuhamadRamdhani/ITAM/main/docs/alur-end-to-end-login-sampai-kpi-dan-internal-audit.md
A13: GOV-009 | B13: Governance & Assurance | C13: Governance | D13: Context Register | E13: Memastikan context register dapat diberi kategori, priority, owner, dan status monitoring. | F13: Positive | G13: TENANT_ADMIN/ITAM_MANAGER | H13: Medium | I13: Master identity/owner tersedia. | J13: 1. Buka Context Register. 2. Tambah context baru. 3. Isi kategori, priority, owner identity, dan status. 4. Simpan. | K13: - Entri context tersimpan. - Priority/owner/status dapat dibaca ulang. - Register siap dipakai untuk monitoring. | M13: Not Started | P13: https://raw.githubusercontent.com/MuhamadRamdhani/ITAM/main/docs/panduan-penggunaan-lengkap.md
A14: GOV-010 | B14: Governance & Assurance | C14: Governance | D14: Stakeholder Register | E14: Memastikan stakeholder dapat diberi klasifikasi, owner, dan review date untuk tindak lanjut. | F14: Positive | G14: TENANT_ADMIN/ITAM_MANAGER | H14: Medium | I14: Identity owner tersedia. | J14: 1. Buka Stakeholder Register. 2. Buat stakeholder baru. 3. Isi category/priority/owner/review date. 4. Simpan. | K14: - Stakeholder tersimpan dengan atribut monitoring lengkap. - Review date dapat dipakai untuk follow-up. - Register mudah ditelusuri kembali. | M14: Not Started | P14: https://raw.githubusercontent.com/MuhamadRamdhani/ITAM/main/docs/panduan-penggunaan-lengkap.md
A15: GOV-011 | B15: Governance & Assurance | C15: Governance | D15: Search & Filter | E15: Memastikan register governance dapat dicari dan difilter tanpa mencampur jenis data. | F15: Positive | G15: Tenant-scoped | H15: Low | I15: Tersedia beberapa scope/context/stakeholder entries. | J15: 1. Buka salah satu register governance. 2. Gunakan pencarian atau filter status/priority bila tersedia. 3. Buka salah satu hasil. | K15: - Hasil pencarian relevan. - Entri mudah ditemukan kembali untuk review. - Data antar register tidak tertukar. | M15: Not Started | P15: https://raw.githubusercontent.com/MuhamadRamdhani/ITAM/main/docs/generate-itam-test-scenarios.ps1
A16: GOV-012 | B16: Governance & Assurance | C16: Governance | D16: Tenant Isolation | E16: Memastikan scope/context/stakeholder hanya terlihat di tenant yang tepat. | F16: Authorization | G16: Tenant-scoped | H16: High | I16: Siapkan dua tenant dengan data governance masing-masing. | J16: 1. Login tenant A dan lihat data governance. 2. Login tenant B. 3. Coba akses ID data governance tenant A. | K16: - Tenant hanya melihat data governance miliknya. - Akses detail tenant lain ditolak. - Tidak ada kebocoran scope aktif lintas tenant. | M16: Not Started | P16: https://raw.githubusercontent.com/MuhamadRamdhani/ITAM/main/docs/matriks-akses-role.md

Sheet Vendors
A1: Skenario - Vendors
A2: Gunakan sheet Alur_Per_Role untuk membaca flow user per role sebelum mengeksekusi test case detail di sheet ini.
A4: ID Skenario | B4: Kelompok Area | C4: Modul | D4: Fitur | E4: Tujuan Uji | F4: Jenis Uji | G4: Role Uji | H4: Prioritas | I4: Precondition | J4: Langkah Uji | K4: Hasil yang Diharapkan | L4: Data Uji | M4: Status Eksekusi | N4: Actual Result | O4: Catatan | P4: Sumber Acuan
A5: VEND-001 | B5: Komersial & Lisensi | C5: Vendors | D5: Vendor List | E5: Memastikan vendor dapat dicari berdasarkan code/name/type/contact. | F5: Positive | G5: Read roles vendor | H5: High | I5: Beberapa vendor tersedia. | J5: 1. Buka Vendors. 2. Cari vendor berdasarkan code atau name. 3. Uji filter status dan vendor type. | K5: - List vendor menyesuaikan filter. - Status ACTIVE/INACTIVE terbaca. - Tidak ada data tenant lain yang tampil. | M5: Not Started | P5: https://raw.githubusercontent.com/MuhamadRamdhani/ITAM/main/docs/panduan-penggunaan-lengkap.md
A6: VEND-002 | B6: Komersial & Lisensi | C6: Vendors | D6: Create Vendor | E6: Memastikan vendor baru dapat dibuat. | F6: Positive | G6: SUPERADMIN/TENANT_ADMIN/ITAM_MANAGER/PROCUREMENT_CONTRACT_MANAGER | H6: High | I6: Role write tersedia. | J6: 1. Buka Vendors. 2. Klik create vendor. 3. Isi Vendor Code, Vendor Name, contact info, type, status, notes. 4. Simpan. | K6: - Vendor baru tersimpan. - Vendor muncul di list. - Vendor aktif dapat dipilih pada modul lain. | M6: Not Started | P6: https://raw.githubusercontent.com/MuhamadRamdhani/ITAM/main/docs/panduan-penggunaan-lengkap.md
A7: VEND-003 | B7: Komersial & Lisensi | C7: Vendors | D7: Vendor Reuse | E7: Memastikan vendor aktif dapat digunakan oleh Contracts dan Software Products. | F7: Integration | G7: Write roles vendor/contract/software | H7: Medium | I7: Vendor ACTIVE tersedia. | J7: 1. Buat atau pilih vendor ACTIVE. 2. Buka create contract dan periksa dropdown vendor. 3. Buka create software product dan periksa publisher vendor. | K7: - Vendor ACTIVE muncul pada dropdown terkait. - Vendor INACTIVE tidak dipilih bila memang dibatasi. | M7: Not Started | P7: https://raw.githubusercontent.com/MuhamadRamdhani/ITAM/main/docs/alur-end-to-end-login-sampai-kpi-dan-internal-audit.md
A8: VEND-004 | B8: Komersial & Lisensi | C8: Vendors | D8: Create Vendor | E8: Memastikan vendor baru dapat dibuat dengan vendor code unik per tenant. | F8: Positive | G8: TENANT_ADMIN/ITAM_MANAGER/PROCUREMENT_CONTRACT_MANAGER | H8: High | I8: Role write tersedia. | J8: 1. Buka Vendors. 2. Klik New Vendor. 3. Isi vendor code, vendor name, vendor type, status, dan contact info. 4. Simpan. | K8: - Vendor baru tersimpan. - Vendor muncul di list. - Vendor siap dipakai saat create contract. | M8: Not Started | P8: https://raw.githubusercontent.com/MuhamadRamdhani/ITAM/main/docs/panduan-penggunaan-lengkap.md
A9: VEND-005 | B9: Komersial & Lisensi | C9: Vendors | D9: Unique Code Guard | E9: Memastikan vendor code yang sama tidak dapat dipakai dua kali dalam tenant yang sama. | F9: Negative | G9: TENANT_ADMIN/ITAM_MANAGER/PROCUREMENT_CONTRACT_MANAGER | H9: High | I9: Sudah ada vendor dengan vendor code tertentu. | J9: 1. Buka create vendor. 2. Masukkan vendor code yang sudah dipakai. 3. Simpan. | K9: - Simpan gagal. - Pesan duplicate/unique tampil. - Tidak ada vendor ganda dengan code sama di tenant yang sama. | M9: Not Started | P9: https://raw.githubusercontent.com/MuhamadRamdhani/ITAM/main/docs/generate-itam-test-scenarios.ps1
A10: VEND-006 | B10: Komersial & Lisensi | C10: Vendors | D10: Edit Vendor | E10: Memastikan data vendor dapat diperbarui tanpa mengubah identitas logis yang tidak semestinya. | F10: Positive | G10: TENANT_ADMIN/ITAM_MANAGER/PROCUREMENT_CONTRACT_MANAGER | H10: Medium | I10: Vendor sudah ada. | J10: 1. Buka detail/edit vendor. 2. Ubah nama, status, atau contact info. 3. Simpan perubahan. | K10: - Perubahan tersimpan. - Vendor tetap dapat direferensikan oleh contract yang sudah ada. - Riwayat pemakaian vendor tidak rusak. | M10: Not Started | P10: https://raw.githubusercontent.com/MuhamadRamdhani/ITAM/main/docs/diagram-per-modul.md
A11: VEND-007 | B11: Komersial & Lisensi | C11: Vendors | D11: Filter & Search | E11: Memastikan vendor dapat dicari berdasarkan code/name dan difilter berdasarkan type/status. | F11: Positive | G11: Tenant-scoped | H11: Medium | I11: Tersedia beberapa vendor dengan type/status berbeda. | J11: 1. Buka Vendors. 2. Cari vendor berdasarkan code atau nama. 3. Tambahkan filter type/status. 4. Buka salah satu vendor. | K11: - List vendor sesuai filter. - Vendor target mudah ditemukan. - Search tidak menampilkan data tenant lain. | M11: Not Started | P11: https://raw.githubusercontent.com/MuhamadRamdhani/ITAM/main/docs/panduan-penggunaan-lengkap.md
A12: VEND-008 | B12: Komersial & Lisensi | C12: Vendors | D12: Inactive Vendor Reuse | E12: Memastikan vendor INACTIVE tidak dapat dipilih untuk contract baru bila aturan aplikasi membatasi reuse. | F12: Integration | G12: TENANT_ADMIN/ITAM_MANAGER/PROCUREMENT_CONTRACT_MANAGER | H12: Medium | I12: Tersedia vendor status INACTIVE. | J12: 1. Ubah satu vendor menjadi INACTIVE. 2. Buka create contract. 3. Coba pilih vendor inactive tersebut. | K12: - Vendor inactive dibatasi atau ditandai dengan jelas. - User tidak salah memilih vendor yang tidak aktif. - Bila masih boleh dipilih, status inactive tetap terlihat jelas. | M12: Not Started | P12: https://raw.githubusercontent.com/MuhamadRamdhani/ITAM/main/docs/diagram-per-modul.md
A13: VEND-009 | B13: Komersial & Lisensi | C13: Vendors | D13: Role Guard | E13: Memastikan role read-only tidak dapat create/edit vendor. | F13: Authorization | G13: AUDITOR | H13: Medium | I13: Login sebagai role baca. | J13: 1. Buka Vendors. 2. Coba klik create/edit. 3. Coba akses route edit langsung bila perlu. | K13: - Aksi write tidak tersedia atau ditolak. - Vendor tetap hanya bisa dibaca. | M13: Not Started | P13: https://raw.githubusercontent.com/MuhamadRamdhani/ITAM/main/docs/matriks-akses-role.md
A14: VEND-010 | B14: Komersial & Lisensi | C14: Vendors | D14: Tenant Isolation | E14: Memastikan vendor tenant lain tidak muncul dan tidak bisa direferensikan. | F14: Authorization | G14: Tenant-scoped | H14: High | I14: Siapkan vendor pada dua tenant. | J14: 1. Login tenant A dan catat vendor list. 2. Login tenant B. 3. Coba buka vendor tenant A dari tenant B. | K14: - Hanya vendor tenant aktif yang terlihat. - Vendor tenant lain tidak bisa dibuka maupun dipakai untuk contract. | M14: Not Started | P14: https://raw.githubusercontent.com/MuhamadRamdhani/ITAM/main/docs/matriks-akses-role.md

Sheet Contracts
A1: Skenario - Contracts
A2: Gunakan sheet Alur_Per_Role untuk membaca flow user per role sebelum mengeksekusi test case detail di sheet ini.
A4: ID Skenario | B4: Kelompok Area | C4: Modul | D4: Fitur | E4: Tujuan Uji | F4: Jenis Uji | G4: Role Uji | H4: Prioritas | I4: Precondition | J4: Langkah Uji | K4: Hasil yang Diharapkan | L4: Data Uji | M4: Status Eksekusi | N4: Actual Result | O4: Catatan | P4: Sumber Acuan
A5: CONT-001 | B5: Komersial & Lisensi | C5: Contracts | D5: Contracts List | E5: Memastikan kontrak dapat difilter berdasarkan status, health, vendor, dan type. | F5: Positive | G5: Tenant-scoped | H5: High | I5: Kontrak dengan beberapa kombinasi status/health tersedia. | J5: 1. Buka Contracts. 2. Filter dengan tabs status. 3. Filter Health, Vendor, dan Contract Type. 4. Periksa hasil list. | K5: - List kontrak sesuai filter. - Health ACTIVE/EXPIRING/EXPIRED/NO_END_DATE tampil benar. - Vendor terhubung benar. | M5: Not Started | P5: https://raw.githubusercontent.com/MuhamadRamdhani/ITAM/main/docs/panduan-penggunaan-lengkap.md
A6: CONT-002 | B6: Komersial & Lisensi | C6: Contracts | D6: Create Contract | E6: Memastikan kontrak baru dapat dibuat dengan vendor aktif. | F6: Positive | G6: Write roles contract | H6: High | I6: Vendor aktif tersedia. | J6: 1. Buka Contracts. 2. Klik create. 3. Isi Contract Code, Contract Name, Vendor, Contract Type, Status, Start/End Date, Renewal Notice Days, Owner Identity, Notes. 4. Simpan. | K6: - Kontrak tersimpan. - Health dapat dihitung dari tanggal. - Kontrak tampil di list. | M6: Not Started | P6: https://raw.githubusercontent.com/MuhamadRamdhani/ITAM/main/docs/panduan-penggunaan-lengkap.md
A7: CONT-003 | B7: Komersial & Lisensi | C7: Contracts | D7: Document Relation | E7: Memastikan document dapat di-attach ke contract. | F7: Integration | G7: TENANT_ADMIN/ITAM_MANAGER | H7: Medium | I7: Contract dan Document tersedia. | J7: 1. Buka contract detail. 2. Masuk Documents tab. 3. Pilih document lalu attach. 4. Refresh detail. | K7: - Document tampil sebagai relation contract. - Counter atau tab relation terupdate. | M7: Not Started | P7: https://raw.githubusercontent.com/MuhamadRamdhani/ITAM/main/docs/panduan-penggunaan-lengkap.md
A8: CONT-004 | B8: Komersial & Lisensi | C8: Contracts | D8: Asset Relation | E8: Memastikan asset dapat di-attach ke contract. | F8: Integration | G8: TENANT_ADMIN/ITAM_MANAGER | H8: Medium | I8: Contract dan Asset tersedia. | J8: 1. Buka contract detail. 2. Masuk Assets tab. 3. Pilih asset lalu attach. 4. Refresh detail. | K8: - Asset tampil sebagai relation contract. - Asset yang sama dapat ditelusuri kembali dari contract detail. | M8: Not Started | P8: https://raw.githubusercontent.com/MuhamadRamdhani/ITAM/main/docs/panduan-penggunaan-lengkap.md
A9: CONT-005 | B9: Komersial & Lisensi | C9: Contracts | D9: Evidence Relation | E9: Memastikan evidence dapat di-attach ke contract oleh role yang diizinkan. | F9: Integration | G9: TENANT_ADMIN/ITAM_MANAGER/ASSET_CUSTODIAN | H9: Medium | I9: Contract dan Evidence file tersedia. | J9: 1. Buka contract detail. 2. Masuk Evidence tab. 3. Pilih evidence file lalu attach. 4. Refresh detail. | K9: - Evidence tampil pada contract. - Role yang tidak berwenang tidak dapat attach. | M9: Not Started | P9: https://raw.githubusercontent.com/MuhamadRamdhani/ITAM/main/docs/panduan-penggunaan-lengkap.md
A10: CONT-006 | B10: Komersial & Lisensi | C10: Contracts | D10: Entitlement & Allocation | E10: Memastikan entitlement dan allocation dapat dibuat dari contract. | F10: Integration | G10: SUPERADMIN/TENANT_ADMIN/ITAM_MANAGER/PROCUREMENT_CONTRACT_MANAGER | H10: High | I10: Contract dan Software Product aktif tersedia; asset atau installation tersedia bila dibutuhkan. | J10: 1. Buka contract detail. 2. Buat software entitlement dengan product, metric, quantity, status, dan dates. 3. Buka allocation modal. 4. Alokasikan ke asset/installation/assignment sesuai basis. 5. Simpan. | K10: - Entitlement tersimpan. - Allocation tersimpan dengan status ACTIVE atau RELEASED. - Relasi entitlement ke contract dapat dibuka ulang. | M10: Not Started | P10: https://raw.githubusercontent.com/MuhamadRamdhani/ITAM/main/docs/panduan-penggunaan-lengkap.md
A11: CONT-007 | B11: Komersial & Lisensi | C11: Contracts | D11: Edit Contract | E11: Memastikan detail kontrak dapat diperbarui tanpa merusak relasi yang sudah ada. | F11: Positive | G11: TENANT_ADMIN/ITAM_MANAGER/PROCUREMENT_CONTRACT_MANAGER | H11: Medium | I11: Kontrak dan vendor valid sudah ada. | J11: 1. Buka detail/edit contract. 2. Ubah nama, notes, owner identity, atau renewal notice. 3. Simpan perubahan. | K11: - Perubahan kontrak tersimpan. - Relasi vendor/dokumen/aset tetap utuh. - Detail kontrak terbaru terbaca di list dan detail. | M11: Not Started | P11: https://raw.githubusercontent.com/MuhamadRamdhani/ITAM/main/docs/diagram-per-modul.md
A12: CONT-008 | B12: Komersial & Lisensi | C12: Contracts | D12: Health Calculation | E12: Memastikan health kontrak berubah sesuai start_date/end_date dan status. | F12: Positive | G12: Tenant-scoped | H12: High | I12: Siapkan kontrak ACTIVE, EXPIRING, EXPIRED, dan NO_END_DATE. | J12: 1. Buka list kontrak. 2. Filter health satu per satu. 3. Cocokkan hasil dengan tanggal kontrak. | K12: - Health tampil sesuai tanggal/status. - Kontrak mendekati jatuh tempo masuk kategori expiring. - Kontrak tanpa end date diberi health yang sesuai. | M12: Not Started | P12: https://raw.githubusercontent.com/MuhamadRamdhani/ITAM/main/docs/alur-end-to-end-login-sampai-kpi-dan-internal-audit.md
A13: CONT-009 | B13: Komersial & Lisensi | C13: Contracts | D13: Create Validation | E13: Memastikan create contract gagal bila vendor_id tidak valid atau milik tenant lain. | F13: Negative | G13: TENANT_ADMIN/ITAM_MANAGER/PROCUREMENT_CONTRACT_MANAGER | H13: High | I13: Siapkan vendor_id invalid atau dari tenant lain. | J13: 1. Buka create contract. 2. Masukkan vendor yang tidak valid/tenant lain melalui manipulasi request bila perlu. 3. Simpan. | K13: - Contract tidak tersimpan. - Pesan error tenant validation muncul. - Tidak ada relasi vendor lintas tenant. | M13: Not Started | P13: https://raw.githubusercontent.com/MuhamadRamdhani/ITAM/main/docs/generate-itam-test-scenarios.ps1
A14: CONT-010 | B14: Komersial & Lisensi | C14: Contracts | D14: Document Unlink | E14: Memastikan document relation dapat dilepas dari contract tanpa menghapus dokumen utamanya. | F14: Positive | G14: TENANT_ADMIN/ITAM_MANAGER | H14: Medium | I14: Contract sudah memiliki dokumen ter-attach. | J14: 1. Buka detail contract. 2. Pilih unlink document relation. 3. Simpan perubahan. 4. Periksa modul Documents. | K14: - Relation contract-document hilang. - Dokumen utama tetap ada di modul Documents. - Contract detail terbarui. | M14: Not Started | P14: https://raw.githubusercontent.com/MuhamadRamdhani/ITAM/main/docs/diagram-per-modul.md
A15: CONT-011 | B15: Komersial & Lisensi | C15: Contracts | D15: Asset Unlink | E15: Memastikan asset relation dapat dilepas dari contract tanpa menghapus asset. | F15: Positive | G15: TENANT_ADMIN/ITAM_MANAGER | H15: Medium | I15: Contract sudah memiliki asset relation. | J15: 1. Buka detail contract. 2. Lepas relation asset. 3. Simpan. 4. Buka detail asset terkait. | K15: - Relation contract-asset terhapus. - Asset tetap ada di registri asset. - Contract dan asset tidak lagi saling menampilkan relation lama. | M15: Not Started | P15: https://raw.githubusercontent.com/MuhamadRamdhani/ITAM/main/docs/panduan-penggunaan-lengkap.md
A16: CONT-012 | B16: Komersial & Lisensi | C16: Contracts | D16: Role Guard | E16: Memastikan role baca tidak bisa mengubah relation dan data kontrak. | F16: Authorization | G16: AUDITOR | H16: Medium | I16: Kontrak sudah ada. | J16: 1. Login sebagai AUDITOR. 2. Buka detail kontrak. 3. Coba edit atau attach/unlink relation. | K16: - Kontrak dapat dibaca. - Aksi write/attach/unlink tidak tersedia atau ditolak. - Integritas kontrak tetap aman. | M16: Not Started | P16: https://raw.githubusercontent.com/MuhamadRamdhani/ITAM/main/docs/matriks-akses-role.md

Sheet Software Products
A1: Skenario - Software Products
A2: Gunakan sheet Alur_Per_Role untuk membaca flow user per role sebelum mengeksekusi test case detail di sheet ini.
A4: ID Skenario | B4: Kelompok Area | C4: Modul | D4: Fitur | E4: Tujuan Uji | F4: Jenis Uji | G4: Role Uji | H4: Prioritas | I4: Precondition | J4: Langkah Uji | K4: Hasil yang Diharapkan | L4: Data Uji | M4: Status Eksekusi | N4: Actual Result | O4: Catatan | P4: Sumber Acuan
A5: SW-001 | B5: Komersial & Lisensi | C5: Software Products | D5: Product Registry | E5: Memastikan software product dapat dibuat dan dicari. | F5: Positive | G5: Write roles software | H5: High | I5: Vendor publisher opsional tersedia. | J5: 1. Buka Software Products. 2. Cari product berdasarkan code atau name. 3. Buat product baru dengan category, deployment model, licensing metric, version policy, status, dan publisher vendor. 4. Simpan. | K5: - Product tersimpan. - Product muncul di list. - Publisher vendor terhubung jika dipilih. | M5: Not Started | P5: https://raw.githubusercontent.com/MuhamadRamdhani/ITAM/main/docs/panduan-penggunaan-lengkap.md
A6: SW-002 | B6: Komersial & Lisensi | C6: Software Products | D6: Registry Validation | E6: Memastikan field enum product hanya menerima nilai yang valid. | F6: Negative | G6: Write roles software | H6: Medium | I6: Role write tersedia. | J6: 1. Buka create/edit software product. 2. Coba isi kombinasi field yang tidak valid atau kosongkan field penting. 3. Simpan. | K6: - Validasi tampil. - Record tidak tersimpan bila data tidak memenuhi aturan. | M6: Not Started | P6: https://raw.githubusercontent.com/MuhamadRamdhani/ITAM/main/docs/panduan-penggunaan-lengkap.md
A7: SW-003 | B7: Komersial & Lisensi | C7: Software Products | D7: Downstream Reuse | E7: Memastikan software product aktif dapat dipakai pada installations dan entitlements. | F7: Integration | G7: Write roles software/contract | H7: Medium | I7: Software product ACTIVE tersedia. | J7: 1. Buka panel installation di asset detail. 2. Periksa dropdown Software Product. 3. Buka entitlement form di contract detail dan periksa dropdown product. | K7: - Product ACTIVE muncul pada dropdown downstream. - Product yang dipilih bisa dipakai pada installation maupun entitlement. | M7: Not Started | P7: https://raw.githubusercontent.com/MuhamadRamdhani/ITAM/main/docs/alur-end-to-end-login-sampai-kpi-dan-internal-audit.md
A8: SW-004 | B8: Komersial & Lisensi | C8: Software Products | D8: Edit Product | E8: Memastikan software product dapat diperbarui selama masih dalam batas aturan master data. | F8: Positive | G8: TENANT_ADMIN/ITAM_MANAGER | H8: Medium | I8: Software product sudah ada. | J8: 1. Buka detail/edit product. 2. Ubah display fields seperti name, version policy, publisher, atau notes. 3. Simpan. | K8: - Perubahan product tersimpan. - Product tetap bisa direferensikan oleh instalasi dan entitlement. - Identitas logis product tetap konsisten. | M8: Not Started | P8: https://raw.githubusercontent.com/MuhamadRamdhani/ITAM/main/docs/diagram-per-modul.md
A9: SW-005 | B9: Komersial & Lisensi | C9: Software Products | D9: Status Active/Inactive | E9: Memastikan software product inactive tidak salah dipakai untuk transaksi baru. | F9: Integration | G9: TENANT_ADMIN/ITAM_MANAGER | H9: Medium | I9: Tersedia software product inactive. | J9: 1. Tandai product menjadi INACTIVE. 2. Buka create installation atau entitlement. 3. Coba pilih product inactive. | K9: - Product inactive dibatasi atau diberi tanda jelas. - User tidak salah melakukan transaksi baru pada product nonaktif. | M9: Not Started | P9: https://raw.githubusercontent.com/MuhamadRamdhani/ITAM/main/docs/panduan-penggunaan-lengkap.md
A10: SW-006 | B10: Komersial & Lisensi | C10: Software Products | D10: Installations | E10: Memastikan installation dapat dibuat dengan status INSTALLED/DETECTED/UNINSTALLED pada asset. | F10: Integration | G10: TENANT_ADMIN/ITAM_MANAGER | H10: High | I10: Asset dan software product aktif tersedia. | J10: 1. Buka asset detail. 2. Tambahkan software installation. 3. Pilih status instalasi dan isi detail versi/tanggal. 4. Simpan. | K10: - Installation tersimpan dengan status yang dipilih. - Histori instalasi dapat dibaca. - Product yang dipilih terhubung ke asset yang tepat. | M10: Not Started | P10: https://raw.githubusercontent.com/MuhamadRamdhani/ITAM/main/docs/panduan-penggunaan-lengkap.md
A11: SW-007 | B11: Komersial & Lisensi | C11: Software Products | D11: Assignments | E11: Memastikan assignment identity ke installation dapat dibuat dan diubah statusnya. | F11: Integration | G11: TENANT_ADMIN/ITAM_MANAGER | H11: High | I11: Installation software tersedia; identity tersedia. | J11: 1. Buka installation software di asset detail. 2. Tambah assignment ke identity. 3. Atur role assignment dan status ACTIVE/REVOKED. 4. Simpan. | K11: - Assignment tersimpan. - Identity dan perannya terbaca jelas. - Status assignment dapat digunakan untuk audit pemakaian. | M11: Not Started | P11: https://raw.githubusercontent.com/MuhamadRamdhani/ITAM/main/docs/panduan-penggunaan-lengkap.md
A12: SW-008 | B12: Komersial & Lisensi | C12: Software Products | D12: Entitlements | E12: Memastikan entitlement lisensi dapat dibuat dari contract dan product yang sesuai. | F12: Integration | G12: TENANT_ADMIN/ITAM_MANAGER/PROCUREMENT_CONTRACT_MANAGER | H12: High | I12: Contract dan software product aktif tersedia. | J12: 1. Buka detail contract. 2. Tambah entitlement untuk software product tertentu. 3. Isi metrik lisensi/kuantitas/masa berlaku. 4. Simpan. | K12: - Entitlement tersimpan. - Contract menjadi sumber hak lisensi. - Product dan masa berlaku entitlement dapat dibaca kembali. | M12: Not Started | P12: https://raw.githubusercontent.com/MuhamadRamdhani/ITAM/main/docs/diagram-per-modul.md
A13: SW-009 | B13: Komersial & Lisensi | C13: Software Products | D13: Allocations | E13: Memastikan allocation entitlement ke asset/installation/assignment dapat dilakukan. | F13: Integration | G13: TENANT_ADMIN/ITAM_MANAGER | H13: High | I13: Entitlement tersedia; asset/installation/assignment target tersedia. | J13: 1. Buka entitlement. 2. Tambahkan allocation ke target yang relevan. 3. Simpan. 4. Tinjau total allocated. | K13: - Allocation tersimpan. - Total alokasi bertambah sesuai jumlah. - Keterkaitan entitlement ke pemakaian aktual terlihat. | M13: Not Started | P13: https://raw.githubusercontent.com/MuhamadRamdhani/ITAM/main/docs/diagram-per-modul.md
A14: SW-010 | B14: Komersial & Lisensi | C14: Software Products | D14: Over Allocation Guard | E14: Memastikan alokasi tidak melebihi entitlement yang tersedia bila policy membatasi. | F14: Negative | G14: TENANT_ADMIN/ITAM_MANAGER | H14: High | I14: Entitlement dengan kuantitas terbatas tersedia. | J14: 1. Buat allocation sampai mendekati batas. 2. Coba tambahkan allocation melebihi kuantitas hak. 3. Simpan. | K14: - Sistem menolak over-allocation atau memberi warning yang jelas. - Nilai allocated tidak melebihi kapasitas entitlement. | M14: Not Started | P14: https://raw.githubusercontent.com/MuhamadRamdhani/ITAM/main/docs/generate-itam-test-scenarios.ps1
A15: SW-011 | B15: Komersial & Lisensi | C15: Software Products | D15: Read Access | E15: Memastikan AUDITOR dapat membaca instalasi/assignment/entitlement tanpa melakukan write. | F15: Authorization | G15: AUDITOR | H15: Medium | I15: Data software domain tersedia. | J15: 1. Login sebagai AUDITOR. 2. Buka asset detail dan contract detail yang memuat data software. 3. Coba tambah/edit data software. | K15: - Data software dapat dibaca. - Aksi write tidak tersedia atau ditolak. - Kegiatan audit software bisa dilakukan tanpa risiko ubah data. | M15: Not Started | P15: https://raw.githubusercontent.com/MuhamadRamdhani/ITAM/main/docs/matriks-akses-role.md
A16: SW-012 | B16: Komersial & Lisensi | C16: Software Products | D16: Tenant Isolation | E16: Memastikan product, installation, assignment, entitlement, dan allocation tetap tenant-scoped. | F16: Authorization | G16: Tenant-scoped | H16: High | I16: Siapkan dua tenant dengan data software berbeda. | J16: 1. Login tenant A dan lihat data software. 2. Login tenant B. 3. Coba akses record software tenant A dari tenant B. | K16: - Tidak ada data software lintas tenant yang terlihat. - Semua relation software tetap berada dalam tenant yang sama. | M16: Not Started | P16: https://raw.githubusercontent.com/MuhamadRamdhani/ITAM/main/docs/matriks-akses-role.md

Sheet Asset Transfer Req
A1: Skenario - Asset Transfer Requests
A2: Gunakan sheet Alur_Per_Role untuk membaca flow user per role sebelum mengeksekusi test case detail di sheet ini.
A4: ID Skenario | B4: Kelompok Area | C4: Modul | D4: Fitur | E4: Tujuan Uji | F4: Jenis Uji | G4: Role Uji | H4: Prioritas | I4: Precondition | J4: Langkah Uji | K4: Hasil yang Diharapkan | L4: Data Uji | M4: Status Eksekusi | N4: Actual Result | O4: Catatan | P4: Sumber Acuan
A5: ATR-001 | B5: Komersial & Lisensi | C5: Asset Transfer Requests | D5: List & Filter | E5: Memastikan transfer request dapat ditinjau dari list. | F5: Positive | G5: SUPERADMIN/TENANT_ADMIN/ITAM_MANAGER | H5: High | I5: Terdapat minimal satu transfer request. | J5: 1. Buka Asset Transfer Requests. 2. Gunakan filter/search yang tersedia. 3. Buka salah satu detail request. | K5: - List request tampil sesuai filter. - Detail request dapat dibuka. - Status workflow transfer terlihat jelas. | M5: Not Started | P5: https://github.com/MuhamadRamdhani/ITAM/tree/main/apps/web/app
A6: ATR-002 | B6: Komersial & Lisensi | C6: Asset Transfer Requests | D6: Create Draft & Submit | E6: Memastikan draft transfer request dapat dibuat dan disubmit. | F6: Positive | G6: SUPERADMIN/TENANT_ADMIN/ITAM_MANAGER | H6: High | I6: Asset sumber tersedia; target tenant valid tersedia. | J6: 1. Buka create transfer request. 2. Pilih asset sumber dan target tenant. 3. Lengkapi data draft. 4. Simpan draft lalu submit. | K6: - Draft tersimpan. - Status berubah setelah submit. - Transfer siap diproses oleh pihak yang berwenang. | M6: Not Started | P6: https://raw.githubusercontent.com/MuhamadRamdhani/ITAM/main/docs/generate-itam-test-scenarios.ps1
A7: ATR-003 | B7: Komersial & Lisensi | C7: Asset Transfer Requests | D7: Approve / Reject | E7: Memastikan transfer request dapat diputuskan. | F7: Positive | G7: SUPERADMIN/TENANT_ADMIN/ITAM_MANAGER | H7: High | I7: Transfer request submitted tersedia. | J7: 1. Buka detail transfer request. 2. Pilih approve atau reject. 3. Isi note jika tersedia. 4. Submit keputusan. | K7: - Status request berubah sesuai keputusan. - Log keputusan tercatat. | M7: Not Started | P7: https://raw.githubusercontent.com/MuhamadRamdhani/ITAM/main/docs/generate-itam-test-scenarios.ps1
A8: ATR-004 | B8: Komersial & Lisensi | C8: Asset Transfer Requests | D8: Execute / Cancel | E8: Memastikan request yang sudah diputuskan dapat dieksekusi atau dibatalkan sesuai aturan. | F8: Integration | G8: SUPERADMIN/TENANT_ADMIN/ITAM_MANAGER | H8: Medium | I8: Transfer request pada state yang mengizinkan execute atau cancel tersedia. | J8: 1. Buka detail transfer request. 2. Klik execute atau cancel sesuai kondisi. 3. Konfirmasi aksi. 4. Periksa perubahan status dan dampaknya ke asset. | K8: - Status transfer berubah sesuai aksi. - Jejak eksekusi/cancel tersimpan. - Asset mengikuti hasil akhir workflow. | M8: Not Started | P8: https://raw.githubusercontent.com/MuhamadRamdhani/ITAM/main/docs/generate-itam-test-scenarios.ps1
A9: ATR-005 | B9: Komersial & Lisensi | C9: Asset Transfer Requests | D9: Preview Validation | E9: Memastikan preview transfer memeriksa asset dan target tenant sebelum draft dibuat. | F9: Positive | G9: TENANT_ADMIN/ITAM_MANAGER | H9: High | I9: Asset valid tersedia; target tenant valid tersedia. | J9: 1. Buka create transfer request. 2. Pilih asset dan target tenant. 3. Jalankan preview. | K9: - Preview menampilkan ringkasan asset dan target tenant. - User dapat mengecek kelayakan sebelum submit. - Tidak langsung membuat request final tanpa review. | M9: Not Started | P9: https://raw.githubusercontent.com/MuhamadRamdhani/ITAM/main/docs/diagram-per-modul.md
A10: ATR-006 | B10: Komersial & Lisensi | C10: Asset Transfer Requests | D10: Target Tenant Options | E10: Memastikan selector target tenant hanya menampilkan tenant yang relevan dan mudah dicari. | F10: Positive | G10: TENANT_ADMIN/ITAM_MANAGER | H10: Medium | I10: Ada beberapa tenant target yang tersedia. | J10: 1. Buka form transfer. 2. Cari target tenant berdasarkan nama/perusahaan. 3. Pilih salah satu hasil. | K10: - Selector menampilkan tenant yang relevan. - User tidak perlu memasukkan ID mentah. - Risiko salah pilih tenant berkurang. | M10: Not Started | P10: https://raw.githubusercontent.com/MuhamadRamdhani/ITAM/main/docs/alur-end-to-end-login-sampai-kpi-dan-internal-audit.md
A11: ATR-007 | B11: Komersial & Lisensi | C11: Asset Transfer Requests | D11: Source Asset Guard | E11: Memastikan asset yang tidak valid atau tenant lain tidak bisa dipakai membuat transfer request. | F11: Negative | G11: TENANT_ADMIN/ITAM_MANAGER | H11: High | I11: Siapkan asset invalid atau dari tenant lain. | J11: 1. Manipulasi request atau URL agar menunjuk asset yang tidak valid/tenant lain. 2. Coba simpan draft transfer. | K11: - Draft tidak tersimpan. - Pesan error validasi asset tampil. - Tidak ada request lintas tenant yang tidak sah. | M11: Not Started | P11: https://raw.githubusercontent.com/MuhamadRamdhani/ITAM/main/docs/generate-itam-test-scenarios.ps1
A12: ATR-008 | B12: Komersial & Lisensi | C12: Asset Transfer Requests | D12: Decision Guard | E12: Memastikan hanya role yang berwenang dapat approve/reject transfer request. | F12: Authorization | G12: SUPERADMIN/TENANT_ADMIN/ITAM_MANAGER vs AUDITOR | H12: High | I12: Transfer request PENDING tersedia. | J12: 1. Login sebagai role berwenang dan role non-berwenang secara bergantian. 2. Buka detail transfer request. 3. Coba jalankan approve/reject. | K12: - Role berwenang dapat mengambil keputusan. - Role non-berwenang tidak dapat memutuskan request. - Status request tidak berubah oleh user yang salah. | M12: Not Started | P12: https://raw.githubusercontent.com/MuhamadRamdhani/ITAM/main/docs/matriks-akses-role.md
A13: ATR-009 | B13: Komersial & Lisensi | C13: Asset Transfer Requests | D13: Execution Result | E13: Memastikan execute memindahkan asset ke tenant target dan menjaga konsistensi data inti. | F13: Integration | G13: SUPERADMIN/TENANT_ADMIN/ITAM_MANAGER | H13: High | I13: Transfer request sudah disetujui dan siap dieksekusi. | J13: 1. Buka detail request APPROVED. 2. Jalankan execute. 3. Login ke tenant target dan periksa asset. 4. Cek tenant asal. | K13: - Asset muncul di tenant target sesuai aturan. - Tenant asal tidak lagi memiliki asset aktif yang sama bila desainnya move penuh. - Audit trail transfer tercatat. | M13: Not Started | P13: https://raw.githubusercontent.com/MuhamadRamdhani/ITAM/main/docs/alur-end-to-end-login-sampai-kpi-dan-internal-audit.md
A14: ATR-010 | B14: Komersial & Lisensi | C14: Asset Transfer Requests | D14: Cancel Guard | E14: Memastikan request final atau sudah dieksekusi tidak bisa dibatalkan sembarangan. | F14: Negative | G14: TENANT_ADMIN/ITAM_MANAGER/SUPERADMIN | H14: Medium | I14: Transfer request sudah REJECTED, CANCELED, atau EXECUTED. | J14: 1. Buka request final. 2. Coba jalankan cancel lagi. 3. Amati respons UI/backend. | K14: - Cancel ulang tidak tersedia atau ditolak. - Status final tetap konsisten. - Tidak ada kebingungan state pada request transfer. | M14: Not Started | P14: https://raw.githubusercontent.com/MuhamadRamdhani/ITAM/main/docs/generate-itam-test-scenarios.ps1

Sheet KPI Library & Scorecard
A1: Skenario - KPI Library and Scorecard
A2: Gunakan sheet Alur_Per_Role untuk membaca flow user per role sebelum mengeksekusi test case detail di sheet ini.
A4: ID Skenario | B4: Kelompok Area | C4: Modul | D4: Fitur | E4: Tujuan Uji | F4: Jenis Uji | G4: Role Uji | H4: Prioritas | I4: Precondition | J4: Langkah Uji | K4: Hasil yang Diharapkan | L4: Data Uji | M4: Status Eksekusi | N4: Actual Result | O4: Catatan | P4: Sumber Acuan
A5: KPI-001 | B5: Governance & Assurance | C5: KPI Library and Scorecard | D5: KPI Library | E5: Memastikan KPI baru dapat didefinisikan. | F5: Positive | G5: ITAM_MANAGER/SUPERADMIN | H5: High | I5: User role KPI valid. | J5: 1. Buka KPI Library. 2. Klik create KPI. 3. Isi nama KPI, source type, target, threshold, baseline, kategori, dan atribut lain. 4. Simpan. | K5: - KPI master tersimpan. - KPI muncul di library. - Source type MANUAL atau SYSTEM tersimpan dengan benar. | M5: Not Started | P5: https://raw.githubusercontent.com/MuhamadRamdhani/ITAM/main/docs/alur-end-to-end-login-sampai-kpi-dan-internal-audit.md
A6: KPI-002 | B6: Governance & Assurance | C6: KPI Library and Scorecard | D6: Measurement Capture | E6: Memastikan measurement KPI dapat dicatat untuk periode tertentu. | F6: Positive | G6: ITAM_MANAGER/SUPERADMIN | H6: High | I6: KPI aktif tersedia. | J6: 1. Buka KPI Scorecard. 2. Pilih periode (monthly/quarterly/yearly). 3. Input measurement manual atau jalankan snapshot system sesuai jenis KPI. 4. Simpan/capture. | K6: - Measurement tercatat untuk periode terpilih. - Nilai actual tersimpan. - Scorecard terupdate. | M6: Not Started | P6: https://raw.githubusercontent.com/MuhamadRamdhani/ITAM/main/docs/alur-end-to-end-login-sampai-kpi-dan-internal-audit.md
A7: KPI-003 | B7: Governance & Assurance | C7: KPI Library and Scorecard | D7: Scorecard Status | E7: Memastikan status KPI dihitung sesuai hasil terhadap target. | F7: Integration | G7: ITAM_MANAGER/SUPERADMIN | H7: High | I7: KPI dengan target dan measurement tersedia. | J7: 1. Buka KPI Scorecard pada periode yang memiliki measurement. 2. Catat status KPI. 3. Bandingkan dengan target/threshold. | K7: - Status tampil konsisten seperti ON_TRACK/WARNING/CRITICAL/NO_TARGET/MISSING. - Summary scorecard sinkron dengan nilai actual dan target. | M7: Not Started | P7: https://raw.githubusercontent.com/MuhamadRamdhani/ITAM/main/docs/alur-end-to-end-login-sampai-kpi-dan-internal-audit.md
A8: KPI-004 | B8: Governance & Assurance | C8: KPI Library and Scorecard | D8: Trend | E8: Memastikan trend KPI dapat dibandingkan antar periode. | F8: Positive | G8: ITAM_MANAGER/SUPERADMIN | H8: Medium | I8: Measurement pada beberapa periode tersedia. | J8: 1. Buka KPI Scorecard. 2. Pindah antar periode. 3. Amati summary, trend, dan status card. | K8: - Perubahan antar periode terlihat. - Trend mengikuti measurement yang telah tersimpan. | M8: Not Started | P8: https://raw.githubusercontent.com/MuhamadRamdhani/ITAM/main/docs/alur-end-to-end-login-sampai-kpi-dan-internal-audit.md
A9: KPI-005 | B9: Governance & Assurance | C9: KPI Library and Scorecard | D9: Role Guard | E9: Memastikan modul KPI hanya dapat diakses role yang sesuai. | F9: Authorization | G9: Role non-KPI | H9: Medium | I9: Akun non-KPI tersedia. | J9: 1. Login sebagai role non-KPI. 2. Coba buka /kpis atau /kpi-scorecard. 3. Coba jalankan create KPI. | K9: - Akses dibatasi atau tidak ada launcher. - Tidak ada data KPI yang berubah. | M9: Not Started | P9: https://raw.githubusercontent.com/MuhamadRamdhani/ITAM/main/docs/generate-itam-test-scenarios.ps1
A10: KPI-006 | B10: Governance & Assurance | C10: KPI Library and Scorecard | D10: Threshold & Baseline | E10: Memastikan target, threshold, dan baseline KPI dapat disimpan dan dipakai dalam pembacaan scorecard. | F10: Positive | G10: TENANT_ADMIN/ITAM_MANAGER | H10: High | I10: KPI baru atau KPI existing tersedia. | J10: 1. Buka KPI detail. 2. Isi target, threshold, baseline, dan satuan. 3. Simpan. 4. Buka kembali scorecard. | K10: - Parameter KPI tersimpan. - Scorecard dapat memakai parameter tersebut sebagai acuan pembacaan status. | M10: Not Started | P10: https://raw.githubusercontent.com/MuhamadRamdhani/ITAM/main/docs/diagram-per-modul.md
A11: KPI-007 | B11: Governance & Assurance | C11: KPI Library and Scorecard | D11: Source Type | E11: Memastikan KPI dapat dibedakan antara source manual dan source system. | F11: Positive | G11: TENANT_ADMIN/ITAM_MANAGER | H11: Medium | I11: Fitur source type tersedia pada KPI definition. | J11: 1. Buat dua KPI: manual dan system. 2. Simpan keduanya. 3. Bandingkan field yang tersedia saat capture measurement. | K11: - KPI menyimpan source type dengan benar. - Flow input sesuai tipe sumber datanya. | M11: Not Started | P11: https://raw.githubusercontent.com/MuhamadRamdhani/ITAM/main/docs/panduan-penggunaan-lengkap.md
A12: KPI-008 | B12: Governance & Assurance | C12: KPI Library and Scorecard | D12: Period Uniqueness | E12: Memastikan measurement periode yang sama tidak menimbulkan duplikasi tak terkendali. | F12: Negative | G12: TENANT_ADMIN/ITAM_MANAGER | H12: Medium | I12: Satu KPI sudah memiliki measurement pada periode tertentu. | J12: 1. Buka KPI scorecard. 2. Input measurement kedua pada periode yang sama. 3. Simpan. | K12: - Sistem menolak duplikasi atau melakukan update dengan aturan yang jelas. - Tidak ada dua angka ambigu untuk periode yang sama. | M12: Not Started | P12: https://raw.githubusercontent.com/MuhamadRamdhani/ITAM/main/docs/generate-itam-test-scenarios.ps1
A13: KPI-009 | B13: Governance & Assurance | C13: KPI Library and Scorecard | D13: Measurement Edit | E13: Memastikan measurement dapat diperbaiki saat terjadi kesalahan input. | F13: Positive | G13: TENANT_ADMIN/ITAM_MANAGER | H13: Medium | I13: Measurement KPI sudah ada. | J13: 1. Buka scorecard KPI. 2. Edit nilai measurement pada satu periode. 3. Simpan perubahan. 4. Tinjau status KPI setelah edit. | K13: - Nilai baru tersimpan. - Status KPI dan trend diperbarui sesuai nilai terbaru. - Riwayat/perubahan tetap masuk akal untuk audit. | M13: Not Started | P13: https://raw.githubusercontent.com/MuhamadRamdhani/ITAM/main/docs/diagram-per-modul.md
A14: KPI-010 | B14: Governance & Assurance | C14: KPI Library and Scorecard | D14: Read Scorecard | E14: Memastikan role baca dapat membuka scorecard tanpa mengubah measurement. | F14: Authorization | G14: AUDITOR | H14: Medium | I14: KPI dan measurements tersedia. | J14: 1. Login sebagai AUDITOR. 2. Buka KPI module dan scorecard. 3. Coba input/edit nilai measurement. | K14: - Scorecard dapat dibaca. - Aksi input/edit tidak tersedia atau ditolak. - Auditor tetap bisa meninjau performa tanpa mengubah data. | M14: Not Started | P14: https://raw.githubusercontent.com/MuhamadRamdhani/ITAM/main/docs/matriks-akses-role.md
A15: KPI-011 | B15: Governance & Assurance | C15: KPI Library and Scorecard | D15: Trend Comparison | E15: Memastikan trend naik/turun/stabil terbaca konsisten berdasarkan data antar periode. | F15: Positive | G15: TENANT_ADMIN/ITAM_MANAGER/AUDITOR | H15: Medium | I15: Minimal tiga measurement lintas periode tersedia. | J15: 1. Buka scorecard KPI. 2. Bandingkan nilai periode berjalan dan periode sebelumnya. 3. Periksa indikator trend. | K15: - Indikator trend sesuai arah perubahan nilai. - Pembaca bisa memahami apakah performa membaik atau menurun. | M15: Not Started | P15: https://raw.githubusercontent.com/MuhamadRamdhani/ITAM/main/docs/alur-end-to-end-login-sampai-kpi-dan-internal-audit.md
A16: KPI-012 | B16: Governance & Assurance | C16: KPI Library and Scorecard | D16: Tenant Isolation | E16: Memastikan KPI library dan scorecard tetap tenant-scoped. | F16: Authorization | G16: Tenant-scoped | H16: High | I16: Siapkan KPI berbeda pada dua tenant. | J16: 1. Login tenant A dan lihat library/scorecard. 2. Login tenant B. 3. Coba akses KPI tenant A dari tenant B. | K16: - KPI dan measurement tenant lain tidak terlihat. - Nilai performa tidak bocor lintas tenant. | M16: Not Started | P16: https://raw.githubusercontent.com/MuhamadRamdhani/ITAM/main/docs/matriks-akses-role.md

Sheet Int Audits
A1: Skenario - Internal Audits
A2: Gunakan sheet Alur_Per_Role untuk membaca flow user per role sebelum mengeksekusi test case detail di sheet ini.
A4: ID Skenario | B4: Kelompok Area | C4: Modul | D4: Fitur | E4: Tujuan Uji | F4: Jenis Uji | G4: Role Uji | H4: Prioritas | I4: Precondition | J4: Langkah Uji | K4: Hasil yang Diharapkan | L4: Data Uji | M4: Status Eksekusi | N4: Actual Result | O4: Catatan | P4: Sumber Acuan
A5: IA-001 | B5: Governance & Assurance | C5: Internal Audits | D5: Create Audit | E5: Memastikan audit internal baru dapat dibuat. | F5: Positive | G5: AUDITOR/TENANT_ADMIN/ITAM_MANAGER | H5: High | I5: Role audit valid tersedia. | J5: 1. Buka Internal Audits. 2. Klik create audit. 3. Isi data audit pokok. 4. Simpan. | K5: - Audit baru tersimpan. - Audit muncul di list. - Status awal audit sesuai workflow awal. | M5: Not Started | P5: https://raw.githubusercontent.com/MuhamadRamdhani/ITAM/main/docs/alur-end-to-end-login-sampai-kpi-dan-internal-audit.md
A6: IA-002 | B6: Governance & Assurance | C6: Internal Audits | D6: Members | E6: Memastikan anggota audit dapat ditambah atau dihapus. | F6: Positive | G6: AUDITOR/TENANT_ADMIN/ITAM_MANAGER | H6: High | I6: Audit record tersedia; identities tersedia. | J6: 1. Buka detail audit. 2. Masuk section members. 3. Tambah anggota audit. 4. Hapus salah satu anggota bila perlu. 5. Simpan. | K6: - Roster member terupdate. - Counter/daftar anggota refresh. - Tidak ada duplicate member yang tidak valid. | M6: Not Started | P6: https://raw.githubusercontent.com/MuhamadRamdhani/ITAM/main/docs/generate-itam-test-scenarios.ps1
